indicator_id,Indicator,CollectionFrequency,financialYear,Total,Apr,May,Jun,Q1,Jul,Aug,Sep,Q2,Oct,Nov,Dec,Q3,Jan,Feb,Mar,Q4,Polarity,Activity,LibraryName
BYS236,% of residents who volunteer at least once per week (All Responses),Annual,2012-03-31,,,,,,,,,,,,,,,,,,Up is Good,% of residents who volunteer at least once per week (All Responses),No Name
BYS236,% of residents who volunteer at least once per week (All Responses),Annual,2013-03-31,16.00,,,,,,,,,,,,,,,,,Up is Good,% of residents who volunteer at least once per week (All Responses),No Name
BYS236,% of residents who volunteer at least once per week (All Responses),Annual,2014-03-31,21.00,,,,,,,,,,,,,,,,,Up is Good,% of residents who volunteer at least once per week (All Responses),No Name
BYS236,% of residents who volunteer at least once per week (All Responses),Annual,2015-03-31,-1,,,,,,,,,,,,,,,,,Up is Good,% of residents who volunteer at least once per week (All Responses),No Name
BYS236,% of residents who volunteer at least once per week (All Responses),Annual,2016-03-31,-1,,,,,,,,,,,,,,,,,Up is Good,% of residents who volunteer at least once per week (All Responses),No Name
LIB01,Library Visits - All Libraries,Monthly,2012-03-31,1009148.00,,,,,,,,,,,,,,,,,Up is Good,Library Visits,All Libraries
LIB01,Library Visits - All Libraries,Monthly,2013-03-31,1005595.00,,,,,,,,,,,,,,,,,Up is Good,Library Visits,All Libraries
LIB01,Library Visits - All Libraries,Monthly,2014-03-31,1043285.00,,,,,,,,,,,,,,,,,Up is Good,Library Visits,All Libraries
LIB01,Library Visits - All Libraries,Monthly,2015-03-31,799083.00,79285.0,80749.0,50333.0,210367.0,65765.0,61613.0,57461.0,184839.00,56479.00,51650.00,37320.00,145449.00,87197.00,80377.00,90854.00,258428.00,Up is Good,Library Visits,All Libraries
LIB01,Library Visits - All Libraries,Monthly,2016-03-31,997606.00,82346.0,81528.0,83963.0,247837.0,96661.0,91136.0,86583.0,274380.00,88906.00,78734.00,60843.00,228483.00,80107.00,84228.00,82571.00,246906.00,Up is Good,Library Visits,All Libraries
LIB01,Library Visits - All Libraries,Monthly,2017-03-31,1025480.00,86011.0,80379.0,92914.0,259304.0,101113.0,113880.0,90303.0,305296.00,84638.00,74999.00,63584.00,223221.00,77741.00,74449.00,85469.00,237659.00,Up is Good,Library Visits,All Libraries
LIB01,Library Visits - All Libraries,Monthly,2018-03-31,1014173.00,78601.0,87772.0,89253.0,255626.0,97666.0,103878.0,90990.0,292534.00,87882.00,79707.00,62762.00,230351.00,79995.00,73280.00,82387.00,235662.00,Up is Good,Library Visits,All Libraries
LIB01,Library Visits - All Libraries,Monthly,2019-03-31,1045617.00,79497.0,81301.0,85778.0,246576.0,108246.0,102687.0,89360.0,300293.00,94220.00,84127.00,63677.00,242024.00,88272.00,82479.00,85973.00,256724.00,Up is Good,Library Visits,All Libraries
LIB01,Library Visits - All Libraries,Monthly,2020-03-31,1023034.00,84859.0,89509.0,89726.0,264094.0,101892.0,106394.0,90651.0,298937.00,90883.00,83090.00,65868.00,239841.00,89106.00,80074.00,50982.00,220162.00,Up is Good,Library Visits,All Libraries
LIB01,Library Visits - All Libraries,Monthly,2021-03-31,183706.00,0.0,0.0,0.0,0.0,21556.0,26405.0,33095.0,81056.00,38084.00,12611.00,22356.00,73051.00,8761.00,6475.00,14363.00,29599.00,Up is Good,Library Visits,All Libraries
LIB01,Library Visits - All Libraries,Monthly,2022-03-31,617771.00,26865.0,36014.0,43940.0,106819.0,49483.0,60460.0,57399.0,167342.00,59021.00,60093.00,43985.00,163099.00,57077.00,56159.00,67275.00,180511.00,Up is Good,Library Visits,All Libraries
LIB01,Library Visits - All Libraries,Monthly,2023-03-31,,66483.0,70706.0,69028.0,206217.0,73145.0,81691.0,71230.0,226066.00,74891.00,70924.00,56145.00,201960.00,,,,,Up is Good,Library Visits,All Libraries
LIB01-A,Library Visits - Acomb Explore,Monthly,2012-03-31,131030.00,,,,,,,,,,,,,,,,,Up is Good,Library Visits,Acomb Explore
LIB01-A,Library Visits - Acomb Explore,Monthly,2013-03-31,109702.00,,,,,,,,,,,,,,,,,Up is Good,Library Visits,Acomb Explore
LIB01-A,Library Visits - Acomb Explore,Monthly,2014-03-31,117402.00,,,,,,,,,,,,,,,,,Up is Good,Library Visits,Acomb Explore
LIB01-A,Library Visits - Acomb Explore,Monthly,2015-03-31,141547.00,8839.0,9488.0,11263.0,29590.0,15632.0,14641.0,13449.0,43722.00,14119.00,13165.00,8444.00,35728.00,11545.00,9989.00,10973.00,32507.00,Up is Good,Library Visits,Acomb Explore
LIB01-A,Library Visits - Acomb Explore,Monthly,2016-03-31,110926.00,9031.0,9270.0,9140.0,27441.0,10978.0,9975.0,9278.0,30231.00,9870.00,9296.00,6229.00,25395.00,8510.00,9833.00,9516.00,27859.00,Up is Good,Library Visits,Acomb Explore
LIB01-A,Library Visits - Acomb Explore,Monthly,2017-03-31,106316.00,8865.0,8486.0,8073.0,25424.0,10084.0,10131.0,9080.0,29295.00,9211.00,8214.00,6613.00,24038.00,8908.00,8707.00,9944.00,27559.00,Up is Good,Library Visits,Acomb Explore
LIB01-A,Library Visits - Acomb Explore,Monthly,2018-03-31,109785.00,8669.0,7947.0,8151.0,24767.0,9900.0,10449.0,9766.0,30115.00,9835.00,9119.00,7191.00,26145.00,9530.00,9128.00,10100.00,28758.00,Up is Good,Library Visits,Acomb Explore
LIB01-A,Library Visits - Acomb Explore,Monthly,2019-03-31,107442.00,8917.0,8895.0,8814.0,26626.0,9920.0,9259.0,8804.0,27983.00,9988.00,8957.00,6808.00,25753.00,9712.00,8436.00,8932.00,27080.00,Up is Good,Library Visits,Acomb Explore
LIB01-A,Library Visits - Acomb Explore,Monthly,2020-03-31,102475.00,8145.0,8388.0,8486.0,25019.0,9739.0,10053.0,8879.0,28671.00,9421.00,8867.00,6500.00,24788.00,9575.00,8785.00,5637.00,23997.00,Up is Good,Library Visits,Acomb Explore
LIB01-A,Library Visits - Acomb Explore,Monthly,2021-03-31,18806.00,0.0,0.0,0.0,0.0,1504.0,1407.0,3179.0,6090.00,4204.00,1536.00,2513.00,8253.00,1787.00,1225.00,1451.00,4463.00,Up is Good,Library Visits,Acomb Explore
LIB01-A,Library Visits - Acomb Explore,Monthly,2022-03-31,64474.00,2255.0,3259.0,4255.0,9769.0,5424.0,5877.0,5968.0,17269.00,6200.00,6635.00,4917.00,17752.00,5770.00,6641.00,7273.00,19684.00,Up is Good,Library Visits,Acomb Explore
LIB01-A,Library Visits - Acomb Explore,Monthly,2023-03-31,,6768.0,7070.0,6498.0,20336.0,7901.0,8389.0,7602.0,23892.00,7999.00,7947.00,6621.00,22567.00,,,,,Up is Good,Library Visits,Acomb Explore
LIB01-B,Library Visits - Bishopthorpe Library,Monthly,2012-03-31,25428.00,,,,,,,,,,,,,,,,,Up is Good,Library Visits,Bishopthorpe Library
LIB01-B,Library Visits - Bishopthorpe Library,Monthly,2013-03-31,21532.00,,,,,,,,,,,,,,,,,Up is Good,Library Visits,Bishopthorpe Library
LIB01-B,Library Visits - Bishopthorpe Library,Monthly,2014-03-31,23193.00,,,,,,,,,,,,,,,,,Up is Good,Library Visits,Bishopthorpe Library
LIB01-B,Library Visits - Bishopthorpe Library,Monthly,2015-03-31,27338.00,1925.0,1917.0,2687.0,6529.0,3542.0,2762.0,3368.0,9672.00,2346.00,2025.00,1479.00,5850.00,1880.00,1617.00,1790.00,5287.00,Up is Good,Library Visits,Bishopthorpe Library
LIB01-B,Library Visits - Bishopthorpe Library,Monthly,2016-03-31,23619.00,1492.0,1702.0,2205.0,5399.0,2997.0,2680.0,1884.0,7561.00,1942.00,1768.00,1379.00,5089.00,1813.00,1759.00,1998.00,5570.00,Up is Good,Library Visits,Bishopthorpe Library
LIB01-B,Library Visits - Bishopthorpe Library,Monthly,2017-03-31,26532.00,1780.0,1870.0,2650.0,6300.0,3040.0,3014.0,2772.0,8826.00,1985.00,1845.00,1692.00,5522.00,1878.00,1794.00,2212.00,5884.00,Up is Good,Library Visits,Bishopthorpe Library
LIB01-B,Library Visits - Bishopthorpe Library,Monthly,2018-03-31,28397.00,1908.0,2327.0,2784.0,7019.0,3026.0,2747.0,2877.0,8650.00,2601.00,2305.00,1748.00,6654.00,2173.00,1952.00,1949.00,6074.00,Up is Good,Library Visits,Bishopthorpe Library
LIB01-B,Library Visits - Bishopthorpe Library,Monthly,2019-03-31,26789.00,2112.0,2194.0,2465.0,6771.0,2758.0,2787.0,2657.0,8202.00,2236.00,2000.00,1446.00,5682.00,2197.00,1879.00,2058.00,6134.00,Up is Good,Library Visits,Bishopthorpe Library
LIB01-B,Library Visits - Bishopthorpe Library,Monthly,2020-03-31,25878.00,1947.0,2317.0,2491.0,6755.0,3039.0,2676.0,2494.0,8209.00,2083.00,1928.00,1506.00,5517.00,2109.00,1856.00,1432.00,5397.00,Up is Good,Library Visits,Bishopthorpe Library
LIB01-B,Library Visits - Bishopthorpe Library,Monthly,2021-03-31,3255.00,0.0,0.0,0.0,0.0,0.0,0.0,946.0,946.00,1138.00,228.00,863.00,2229.00,80.00,0.00,0.00,80.00,Up is Good,Library Visits,Bishopthorpe Library
LIB01-B,Library Visits - Bishopthorpe Library,Monthly,2022-03-31,19322.00,997.0,1215.0,1237.0,3449.0,1690.0,1672.0,1944.0,5306.00,2003.00,1821.00,1638.00,5462.00,1602.00,1626.00,1877.00,5105.00,Up is Good,Library Visits,Bishopthorpe Library
LIB01-B,Library Visits - Bishopthorpe Library,Monthly,2023-03-31,,1549.0,1874.0,2164.0,5587.0,2533.0,2476.0,2741.0,7750.00,1928.00,1988.00,1371.00,5287.00,,,,,Up is Good,Library Visits,Bishopthorpe Library
LIB01-C,Library Visits - Clifton Explore,Monthly,2012-03-31,32361.00,,,,,,,,,,,,,,,,,Up is Good,Library Visits,Clifton Explore
LIB01-C,Library Visits - Clifton Explore,Monthly,2013-03-31,31724.00,,,,,,,,,,,,,,,,,Up is Good,Library Visits,Clifton Explore
LIB01-C,Library Visits - Clifton Explore,Monthly,2014-03-31,35615.00,,,,,,,,,,,,,,,,,Up is Good,Library Visits,Clifton Explore
LIB01-C,Library Visits - Clifton Explore,Monthly,2015-03-31,41890.00,3062.0,3454.0,4101.0,10617.0,4046.0,4059.0,4183.0,12288.00,3908.00,3595.00,2329.00,9832.00,3001.00,2836.00,3316.00,9153.00,Up is Good,Library Visits,Clifton Explore
LIB01-C,Library Visits - Clifton Explore,Monthly,2016-03-31,36193.00,3119.0,3306.0,3031.0,9456.0,3581.0,2872.0,3374.0,9827.00,3203.00,2643.00,2404.00,8250.00,2560.00,2851.00,3249.00,8660.00,Up is Good,Library Visits,Clifton Explore
LIB01-C,Library Visits - Clifton Explore,Monthly,2017-03-31,37279.00,3069.0,3161.0,3946.0,10176.0,3359.0,3497.0,3152.0,10008.00,2775.00,3020.00,2400.00,8195.00,2967.00,2696.00,3237.00,8900.00,Up is Good,Library Visits,Clifton Explore
LIB01-C,Library Visits - Clifton Explore,Monthly,2018-03-31,40212.00,2891.0,3205.0,4275.0,10371.0,3981.0,3999.0,3418.0,11398.00,3479.00,2927.00,2173.00,8579.00,3348.00,2874.00,3642.00,9864.00,Up is Good,Library Visits,Clifton Explore
LIB01-C,Library Visits - Clifton Explore,Monthly,2019-03-31,39709.00,3095.0,3091.0,3064.0,9250.0,3635.0,4315.0,3094.0,11044.00,3971.00,3577.00,2312.00,9860.00,3246.00,3265.00,3044.00,9555.00,Up is Good,Library Visits,Clifton Explore
LIB01-C,Library Visits - Clifton Explore,Monthly,2020-03-31,39031.00,3835.0,3363.0,2939.0,10137.0,3494.0,4317.0,3043.0,10854.00,3486.00,3344.00,2018.00,8848.00,3666.00,3507.00,2019.00,9192.00,Up is Good,Library Visits,Clifton Explore
LIB01-C,Library Visits - Clifton Explore,Monthly,2021-03-31,3592.00,0.0,0.0,0.0,0.0,414.0,314.0,840.0,1568.00,1157.00,188.00,639.00,1984.00,40.00,0.00,0.00,40.00,Up is Good,Library Visits,Clifton Explore
LIB01-C,Library Visits - Clifton Explore,Monthly,2022-03-31,21622.00,929.0,940.0,1124.0,2993.0,1602.0,1831.0,2014.0,5447.00,2352.00,2280.00,1585.00,6217.00,2065.00,2067.00,2833.00,6965.00,Up is Good,Library Visits,Clifton Explore
LIB01-C,Library Visits - Clifton Explore,Monthly,2023-03-31,,2572.0,2558.0,2542.0,7672.0,3086.0,3055.0,2818.0,8959.00,2523.00,2862.00,2044.00,7429.00,,,,,Up is Good,Library Visits,Clifton Explore
LIB01-D,Library Visits - Copmanthorpe Library,Monthly,2012-03-31,24289.00,,,,,,,,,,,,,,,,,Up is Good,Library Visits,Copmanthorpe Library
LIB01-D,Library Visits - Copmanthorpe Library,Monthly,2013-03-31,22730.00,,,,,,,,,,,,,,,,,Up is Good,Library Visits,Copmanthorpe Library
LIB01-D,Library Visits - Copmanthorpe Library,Monthly,2014-03-31,24507.00,,,,,,,,,,,,,,,,,Up is Good,Library Visits,Copmanthorpe Library
LIB01-D,Library Visits - Copmanthorpe Library,Monthly,2015-03-31,24820.00,1803.0,1875.0,1973.0,5651.0,2593.0,2414.0,2321.0,7328.00,2212.00,2075.00,1460.00,5747.00,2080.00,1914.00,2100.00,6094.00,Up is Good,Library Visits,Copmanthorpe Library
LIB01-D,Library Visits - Copmanthorpe Library,Monthly,2016-03-31,24612.00,1680.0,1869.0,2140.0,5829.0,2428.0,2520.0,2237.0,7185.00,2251.00,2036.00,1581.00,5868.00,1939.00,1944.00,1847.00,5730.00,Up is Good,Library Visits,Copmanthorpe Library
LIB01-D,Library Visits - Copmanthorpe Library,Monthly,2017-03-31,24702.00,2264.0,1975.0,2347.0,6586.0,2120.0,2092.0,2164.0,6376.00,2387.00,1832.00,1656.00,5875.00,2009.00,1889.00,1967.00,5865.00,Up is Good,Library Visits,Copmanthorpe Library
LIB01-D,Library Visits - Copmanthorpe Library,Monthly,2018-03-31,23164.00,1699.0,1709.0,1833.0,5241.0,2062.0,2164.0,2162.0,6388.00,2114.00,2021.00,1627.00,5762.00,2192.00,1654.00,1927.00,5773.00,Up is Good,Library Visits,Copmanthorpe Library
LIB01-D,Library Visits - Copmanthorpe Library,Monthly,2019-03-31,23446.00,1802.0,1699.0,1839.0,5340.0,2203.0,2193.0,2184.0,6580.00,2120.00,2288.00,1384.00,5792.00,1852.00,1747.00,2135.00,5734.00,Up is Good,Library Visits,Copmanthorpe Library
LIB01-D,Library Visits - Copmanthorpe Library,Monthly,2020-03-31,22258.00,1958.0,1800.0,1802.0,5560.0,1937.0,2104.0,1943.0,5984.00,1919.00,2060.00,1406.00,5385.00,1920.00,2139.00,1270.00,5329.00,Up is Good,Library Visits,Copmanthorpe Library
LIB01-D,Library Visits - Copmanthorpe Library,Monthly,2021-03-31,2549.00,0.0,0.0,0.0,0.0,0.0,0.0,697.0,697.00,1002.00,158.00,617.00,1777.00,75.00,0.00,0.00,75.00,Up is Good,Library Visits,Copmanthorpe Library
LIB01-D,Library Visits - Copmanthorpe Library,Monthly,2022-03-31,13169.00,645.0,737.0,833.0,2215.0,1090.0,1106.0,1117.0,3313.00,1251.00,1457.00,916.00,3624.00,1423.00,1122.00,1472.00,4017.00,Up is Good,Library Visits,Copmanthorpe Library
LIB01-D,Library Visits - Copmanthorpe Library,Monthly,2023-03-31,,1180.0,1376.0,1272.0,3828.0,1491.0,1498.0,1556.0,4545.00,1521.00,1555.00,1253.00,4329.00,,,,,Up is Good,Library Visits,Copmanthorpe Library
LIB01-E,Library Visits - Dringhouses Library,Monthly,2012-03-31,25419.00,,,,,,,,,,,,,,,,,Up is Good,Library Visits,Dringhouses Library
LIB01-E,Library Visits - Dringhouses Library,Monthly,2013-03-31,23428.00,,,,,,,,,,,,,,,,,Up is Good,Library Visits,Dringhouses Library
LIB01-E,Library Visits - Dringhouses Library,Monthly,2014-03-31,22550.00,,,,,,,,,,,,,,,,,Up is Good,Library Visits,Dringhouses Library
LIB01-E,Library Visits - Dringhouses Library,Monthly,2015-03-31,25002.00,1791.0,1841.0,2129.0,5761.0,2972.0,2577.0,2406.0,7955.00,2263.00,1954.00,1533.00,5750.00,1965.00,1725.00,1846.00,5536.00,Up is Good,Library Visits,Dringhouses Library
LIB01-E,Library Visits - Dringhouses Library,Monthly,2016-03-31,23047.00,1682.0,1927.0,1980.0,5589.0,2128.0,2117.0,1935.0,6180.00,2161.00,1949.00,1636.00,5746.00,1807.00,1833.00,1892.00,5532.00,Up is Good,Library Visits,Dringhouses Library
LIB01-E,Library Visits - Dringhouses Library,Monthly,2017-03-31,22911.00,1808.0,1777.0,1818.0,5403.0,2196.0,2163.0,2030.0,6389.00,1913.00,1908.00,1602.00,5423.00,1850.00,1914.00,1932.00,5696.00,Up is Good,Library Visits,Dringhouses Library
LIB01-E,Library Visits - Dringhouses Library,Monthly,2018-03-31,22924.00,1733.0,1889.0,1865.0,5487.0,2147.0,2202.0,2022.0,6371.00,2099.00,2085.00,1335.00,5519.00,1915.00,1738.00,1894.00,5547.00,Up is Good,Library Visits,Dringhouses Library
LIB01-E,Library Visits - Dringhouses Library,Monthly,2019-03-31,22086.00,1792.0,1778.0,1794.0,5364.0,2098.0,2028.0,1795.0,5921.00,2087.00,1911.00,1291.00,5289.00,1971.00,1780.00,1761.00,5512.00,Up is Good,Library Visits,Dringhouses Library
LIB01-E,Library Visits - Dringhouses Library,Monthly,2020-03-31,20952.00,1782.0,1632.0,1779.0,5193.0,2127.0,2075.0,1624.0,5826.00,1983.00,1830.00,1303.00,5116.00,1791.00,1841.00,1185.00,4817.00,Up is Good,Library Visits,Dringhouses Library
LIB01-E,Library Visits - Dringhouses Library,Monthly,2021-03-31,2154.00,0.0,0.0,0.0,0.0,0.0,0.0,630.0,630.00,811.00,106.00,524.00,1441.00,83.00,0.00,0.00,83.00,Up is Good,Library Visits,Dringhouses Library
LIB01-E,Library Visits - Dringhouses Library,Monthly,2022-03-31,13257.00,462.0,738.0,723.0,1923.0,1024.0,1404.0,1341.0,3769.00,1369.00,1385.00,1087.00,3841.00,1168.00,1093.00,1463.00,3724.00,Up is Good,Library Visits,Dringhouses Library
LIB01-E,Library Visits - Dringhouses Library,Monthly,2023-03-31,,1359.0,1456.0,1299.0,4114.0,1570.0,1722.0,1475.0,4767.00,1617.00,1358.00,1153.00,4128.00,,,,,Up is Good,Library Visits,Dringhouses Library
LIB01-F,Library Visits - Dunnington Library,Monthly,2012-03-31,15579.00,,,,,,,,,,,,,,,,,Up is Good,Library Visits,Dunnington Library
LIB01-F,Library Visits - Dunnington Library,Monthly,2013-03-31,15401.00,,,,,,,,,,,,,,,,,Up is Good,Library Visits,Dunnington Library
LIB01-F,Library Visits - Dunnington Library,Monthly,2014-03-31,18446.00,,,,,,,,,,,,,,,,,Up is Good,Library Visits,Dunnington Library
LIB01-F,Library Visits - Dunnington Library,Monthly,2015-03-31,19467.00,1451.0,2011.0,1503.0,4965.0,2021.0,2000.0,1480.0,5501.00,1481.00,1816.00,1316.00,4613.00,1551.00,1322.00,1515.00,4388.00,Up is Good,Library Visits,Dunnington Library
LIB01-F,Library Visits - Dunnington Library,Monthly,2016-03-31,20182.00,1413.0,1646.0,1461.0,4520.0,2133.0,1803.0,1593.0,5529.00,1728.00,1782.00,1464.00,4974.00,1678.00,1648.00,1833.00,5159.00,Up is Good,Library Visits,Dunnington Library
LIB01-F,Library Visits - Dunnington Library,Monthly,2017-03-31,20696.00,1728.0,1537.0,1574.0,4839.0,1893.0,1878.0,1793.0,5564.00,1620.00,1892.00,1601.00,5113.00,1724.00,1550.00,1906.00,5180.00,Up is Good,Library Visits,Dunnington Library
LIB01-F,Library Visits - Dunnington Library,Monthly,2018-03-31,20404.00,1528.0,1590.0,1487.0,4605.0,2102.0,2045.0,1829.0,5976.00,1881.00,1634.00,1473.00,4988.00,1603.00,1516.00,1716.00,4835.00,Up is Good,Library Visits,Dunnington Library
LIB01-F,Library Visits - Dunnington Library,Monthly,2019-03-31,20312.00,1566.0,1683.0,1902.0,5151.0,1612.0,1940.0,1812.0,5364.00,1776.00,1939.00,1272.00,4987.00,1640.00,1497.00,1673.00,4810.00,Up is Good,Library Visits,Dunnington Library
LIB01-F,Library Visits - Dunnington Library,Monthly,2020-03-31,19742.00,1965.0,1260.0,2006.0,5231.0,1821.0,2350.0,1755.0,5926.00,1577.00,1913.00,1126.00,4616.00,1265.00,1457.00,1247.00,3969.00,Up is Good,Library Visits,Dunnington Library
LIB01-F,Library Visits - Dunnington Library,Monthly,2021-03-31,2098.00,0.0,0.0,0.0,0.0,0.0,0.0,687.0,687.00,773.00,115.00,457.00,1345.00,66.00,0.00,0.00,66.00,Up is Good,Library Visits,Dunnington Library
LIB01-F,Library Visits - Dunnington Library,Monthly,2022-03-31,10024.00,372.0,611.0,713.0,1696.0,842.0,1034.0,911.0,2787.00,911.00,1144.00,609.00,2664.00,907.00,916.00,1054.00,2877.00,Up is Good,Library Visits,Dunnington Library
LIB01-F,Library Visits - Dunnington Library,Monthly,2023-03-31,,1101.0,1000.0,927.0,3028.0,1092.0,1143.0,1023.0,3258.00,1121.00,989.00,974.00,3084.00,,,,,Up is Good,Library Visits,Dunnington Library
LIB01-G,Library Visits - Fulford Library,Monthly,2012-03-31,20797.00,,,,,,,,,,,,,,,,,Up is Good,Library Visits,Fulford Library
LIB01-G,Library Visits - Fulford Library,Monthly,2013-03-31,22015.00,,,,,,,,,,,,,,,,,Up is Good,Library Visits,Fulford Library
LIB01-G,Library Visits - Fulford Library,Monthly,2014-03-31,27030.00,,,,,,,,,,,,,,,,,Up is Good,Library Visits,Fulford Library
LIB01-G,Library Visits - Fulford Library,Monthly,2015-03-31,28706.00,1936.0,2196.0,2446.0,6578.0,3339.0,1703.0,2882.0,7924.00,2319.00,2849.00,1703.00,6871.00,2671.00,2147.00,2515.00,7333.00,Up is Good,Library Visits,Fulford Library
LIB01-G,Library Visits - Fulford Library,Monthly,2016-03-31,23975.00,1736.0,1995.0,2145.0,5876.0,1975.0,1067.0,1632.0,4674.00,2357.00,2253.00,1724.00,6334.00,2436.00,2340.00,2315.00,7091.00,Up is Good,Library Visits,Fulford Library
LIB01-G,Library Visits - Fulford Library,Monthly,2017-03-31,25931.00,2056.0,1979.0,2146.0,6181.0,2377.0,1126.0,2340.0,5843.00,2368.00,2516.00,1825.00,6709.00,2498.00,1994.00,2706.00,7198.00,Up is Good,Library Visits,Fulford Library
LIB01-G,Library Visits - Fulford Library,Monthly,2018-03-31,25322.00,1724.0,2235.0,2394.0,6353.0,2292.0,1406.0,2163.0,5861.00,2379.00,2273.00,1850.00,6502.00,2399.00,2036.00,2171.00,6606.00,Up is Good,Library Visits,Fulford Library
LIB01-G,Library Visits - Fulford Library,Monthly,2019-03-31,25220.00,1847.0,2004.0,2039.0,5890.0,2084.0,1353.0,2259.0,5696.00,2867.00,2449.00,1625.00,6941.00,2152.00,2039.00,2502.00,6693.00,Up is Good,Library Visits,Fulford Library
LIB01-G,Library Visits - Fulford Library,Monthly,2020-03-31,26335.00,1757.0,2236.0,2026.0,6019.0,2080.0,1471.0,2513.0,6064.00,2990.00,2700.00,2035.00,7725.00,2693.00,2149.00,1685.00,6527.00,Up is Good,Library Visits,Fulford Library
LIB01-G,Library Visits - Fulford Library,Monthly,2021-03-31,2813.00,0.0,0.0,0.0,0.0,0.0,0.0,843.0,843.00,1181.00,143.00,612.00,1936.00,34.00,0.00,0.00,34.00,Up is Good,Library Visits,Fulford Library
LIB01-G,Library Visits - Fulford Library,Monthly,2022-03-31,15163.00,649.0,1047.0,889.0,2585.0,1129.0,948.0,1085.0,3162.00,1541.00,1529.00,1254.00,4324.00,1708.00,1513.00,1871.00,5092.00,Up is Good,Library Visits,Fulford Library
LIB01-G,Library Visits - Fulford Library,Monthly,2023-03-31,,1467.0,1733.0,1707.0,4907.0,1920.0,1323.0,2145.0,5388.00,2092.00,2622.00,1661.00,6375.00,,,,,Up is Good,Library Visits,Fulford Library
LIB01-H,Library Visits - Haxby Explore,Monthly,2012-03-31,44185.00,,,,,,,,,,,,,,,,,Up is Good,Library Visits,Haxby Explore
LIB01-H,Library Visits - Haxby Explore,Monthly,2013-03-31,41606.00,,,,,,,,,,,,,,,,,Up is Good,Library Visits,Haxby Explore
LIB01-H,Library Visits - Haxby Explore,Monthly,2014-03-31,44231.00,,,,,,,,,,,,,,,,,Up is Good,Library Visits,Haxby Explore
LIB01-H,Library Visits - Haxby Explore,Monthly,2015-03-31,48102.00,3544.0,3241.0,3819.0,10604.0,4947.0,5199.0,4880.0,15026.00,4502.00,4192.00,2765.00,11459.00,3918.00,3204.00,3891.00,11013.00,Up is Good,Library Visits,Haxby Explore
LIB01-H,Library Visits - Haxby Explore,Monthly,2016-03-31,43818.00,3075.0,3475.0,3712.0,10262.0,4476.0,4088.0,4052.0,12616.00,3613.00,3754.00,2720.00,10087.00,3763.00,3740.00,3350.00,10853.00,Up is Good,Library Visits,Haxby Explore
LIB01-H,Library Visits - Haxby Explore,Monthly,2017-03-31,23080.00,3763.0,3211.0,3312.0,10286.0,2827.0,1804.0,1277.0,5908.00,1354.00,1272.00,1046.00,3672.00,1081.00,1051.00,1082.00,3214.00,Up is Good,Library Visits,Haxby Explore
LIB01-H,Library Visits - Haxby Explore,Monthly,2018-03-31,25337.00,1035.0,1129.0,1187.0,3351.0,2334.0,3791.0,3138.0,9263.00,2702.00,2242.00,1639.00,6583.00,2290.00,2054.00,1796.00,6140.00,Up is Good,Library Visits,Haxby Explore
LIB01-H,Library Visits - Haxby Explore,Monthly,2019-03-31,28302.00,2142.0,2072.0,2308.0,6522.0,3170.0,3243.0,2683.0,9096.00,3409.00,1319.00,1907.00,6635.00,2344.00,2041.00,1664.00,6049.00,Up is Good,Library Visits,Haxby Explore
LIB01-H,Library Visits - Haxby Explore,Monthly,2020-03-31,25653.00,1847.0,1732.0,1896.0,5475.0,2980.0,3582.0,2371.0,8933.00,2744.00,2118.00,1537.00,6399.00,1612.00,1750.00,1484.00,4846.00,Up is Good,Library Visits,Haxby Explore
LIB01-H,Library Visits - Haxby Explore,Monthly,2021-03-31,1856.00,0.0,0.0,0.0,0.0,0.0,0.0,590.0,590.00,753.00,106.00,358.00,1217.00,49.00,0.00,0.00,49.00,Up is Good,Library Visits,Haxby Explore
LIB01-H,Library Visits - Haxby Explore,Monthly,2022-03-31,9149.00,411.0,548.0,598.0,1557.0,843.0,926.0,924.0,2693.00,772.00,765.00,585.00,2122.00,835.00,822.00,1120.00,2777.00,Up is Good,Library Visits,Haxby Explore
LIB01-H,Library Visits - Haxby Explore,Monthly,2023-03-31,,1100.0,1028.0,34.0,2162.0,79.0,46.0,45.0,170.00,0.00,0.00,0.00,0.00,,,,,Up is Good,Library Visits,Haxby Explore
LIB01-I,Library Visits - Huntington Library,Monthly,2012-03-31,24869.00,,,,,,,,,,,,,,,,,Up is Good,Library Visits,Huntington Library
LIB01-I,Library Visits - Huntington Library,Monthly,2013-03-31,22817.00,,,,,,,,,,,,,,,,,Up is Good,Library Visits,Huntington Library
LIB01-I,Library Visits - Huntington Library,Monthly,2014-03-31,22052.00,,,,,,,,,,,,,,,,,Up is Good,Library Visits,Huntington Library
LIB01-I,Library Visits - Huntington Library,Monthly,2015-03-31,24357.00,1767.0,1974.0,1962.0,5703.0,2355.0,2612.0,2051.0,7018.00,2252.00,1853.00,1403.00,5508.00,1965.00,1942.00,2221.00,6128.00,Up is Good,Library Visits,Huntington Library
LIB01-I,Library Visits - Huntington Library,Monthly,2016-03-31,24085.00,1933.0,1870.0,1916.0,5719.0,1942.0,2093.0,2151.0,6186.00,2216.00,2071.00,1712.00,5999.00,2069.00,2031.00,2081.00,6181.00,Up is Good,Library Visits,Huntington Library
LIB01-I,Library Visits - Huntington Library,Monthly,2017-03-31,24750.00,1829.0,1729.0,1964.0,5522.0,2036.0,1832.0,1985.0,5853.00,2217.00,2181.00,1824.00,6222.00,2309.00,2244.00,2600.00,7153.00,Up is Good,Library Visits,Huntington Library
LIB01-I,Library Visits - Huntington Library,Monthly,2018-03-31,25734.00,2116.0,1960.0,2220.0,6296.0,2432.0,2073.0,2021.0,6526.00,2088.00,2317.00,1576.00,5981.00,2605.00,2020.00,2306.00,6931.00,Up is Good,Library Visits,Huntington Library
LIB01-I,Library Visits - Huntington Library,Monthly,2019-03-31,23224.00,1920.0,1937.0,1919.0,5776.0,2206.0,2178.0,1767.0,6151.00,1524.00,1858.00,1431.00,4813.00,2472.00,1972.00,2040.00,6484.00,Up is Good,Library Visits,Huntington Library
LIB01-I,Library Visits - Huntington Library,Monthly,2020-03-31,26576.00,1763.0,1764.0,2020.0,5547.0,2064.0,2040.0,2198.0,6302.00,2746.00,2674.00,1815.00,7235.00,3147.00,2564.00,1781.00,7492.00,Up is Good,Library Visits,Huntington Library
LIB01-I,Library Visits - Huntington Library,Monthly,2021-03-31,2343.00,0.0,0.0,0.0,0.0,0.0,0.0,783.0,783.00,843.00,117.00,534.00,1494.00,66.00,0.00,0.00,66.00,Up is Good,Library Visits,Huntington Library
LIB01-I,Library Visits - Huntington Library,Monthly,2022-03-31,12812.00,535.0,782.0,895.0,2212.0,962.0,1096.0,1109.0,3167.00,1384.00,1446.00,852.00,3682.00,1224.00,1098.00,1429.00,3751.00,Up is Good,Library Visits,Huntington Library
LIB01-I,Library Visits - Huntington Library,Monthly,2023-03-31,,1312.0,1485.0,1263.0,4060.0,1782.0,1680.0,1671.0,5133.00,1564.00,1674.00,1149.00,4387.00,,,,,Up is Good,Library Visits,Huntington Library
LIB01-J,Library Visits - Mobile Library,Monthly,2012-03-31,13537.00,,,,,,,,,,,,,,,,,Up is Good,Library Visits,Mobile Library
LIB01-J,Library Visits - Mobile Library,Monthly,2013-03-31,8568.00,,,,,,,,,,,,,,,,,Up is Good,Library Visits,Mobile Library
LIB01-J,Library Visits - Mobile Library,Monthly,2014-03-31,9114.00,,,,,,,,,,,,,,,,,Up is Good,Library Visits,Mobile Library
LIB01-J,Library Visits - Mobile Library,Monthly,2015-03-31,9605.00,826.0,772.0,733.0,2331.0,1005.0,710.0,851.0,2566.00,971.00,640.00,671.00,2282.00,840.00,747.00,839.00,2426.00,Up is Good,Library Visits,Mobile Library
LIB01-J,Library Visits - Mobile Library,Monthly,2016-03-31,11323.00,730.0,708.0,883.0,2321.0,857.0,694.0,875.0,2426.00,750.00,920.00,1230.00,2900.00,1087.00,1328.00,1261.00,3676.00,Up is Good,Library Visits,Mobile Library
LIB01-J,Library Visits - Mobile Library,Monthly,2017-03-31,13285.00,1130.0,747.0,1565.0,3442.0,1333.0,1290.0,1787.0,4410.00,1316.00,574.00,981.00,2871.00,597.00,1073.00,892.00,2562.00,Up is Good,Library Visits,Mobile Library
LIB01-J,Library Visits - Mobile Library,Monthly,2018-03-31,14091.00,731.0,1396.0,1415.0,3542.0,1209.0,747.0,1132.0,3088.00,1570.00,1061.00,1075.00,3706.00,1462.00,1212.00,1081.00,3755.00,Up is Good,Library Visits,Mobile Library
LIB01-J,Library Visits - Mobile Library,Monthly,2019-03-31,14149.00,1163.0,1439.0,2541.0,5143.0,994.0,958.0,1491.0,3443.00,1484.00,490.00,705.00,2679.00,1088.00,987.00,809.00,2884.00,Up is Good,Library Visits,Mobile Library
LIB01-J,Library Visits - Mobile Library,Monthly,2020-03-31,10083.00,856.0,1166.0,1457.0,3479.0,1117.0,958.0,914.0,2989.00,880.00,0.00,308.00,1188.00,912.00,773.00,742.00,2427.00,Up is Good,Library Visits,Mobile Library
LIB01-J,Library Visits - Mobile Library,Monthly,2021-03-31,656.00,0.0,0.0,0.0,0.0,83.0,181.0,214.0,478.00,158.00,20.00,0.00,178.00,0.00,0.00,0.00,0.00,Up is Good,Library Visits,Mobile Library
LIB01-J,Library Visits - Mobile Library,Monthly,2022-03-31,5977.00,192.0,516.0,901.0,1609.0,657.0,291.0,685.0,1633.00,431.00,479.00,78.00,988.00,533.00,469.00,745.00,1747.00,Up is Good,Library Visits,Mobile Library
LIB01-J,Library Visits - Mobile Library,Monthly,2023-03-31,,745.0,664.0,1427.0,2836.0,477.0,363.0,395.0,1235.00,327.00,530.00,178.00,1035.00,,,,,Up is Good,Library Visits,Mobile Library
LIB01-K,Library Visits - New Earswick Library,Monthly,2012-03-31,28272.00,,,,,,,,,,,,,,,,,Up is Good,Library Visits,New Earswick Library
LIB01-K,Library Visits - New Earswick Library,Monthly,2013-03-31,25239.00,,,,,,,,,,,,,,,,,Up is Good,Library Visits,New Earswick Library
LIB01-K,Library Visits - New Earswick Library,Monthly,2014-03-31,25651.00,,,,,,,,,,,,,,,,,Up is Good,Library Visits,New Earswick Library
LIB01-K,Library Visits - New Earswick Library,Monthly,2015-03-31,23135.00,1791.0,2215.0,2314.0,6320.0,2391.0,2031.0,2024.0,6446.00,2103.00,1834.00,1275.00,5212.00,1836.00,1513.00,1808.00,5157.00,Up is Good,Library Visits,New Earswick Library
LIB01-K,Library Visits - New Earswick Library,Monthly,2016-03-31,21963.00,1663.0,1479.0,1880.0,5022.0,1699.0,1345.0,1663.0,4707.00,2020.00,2083.00,1630.00,5733.00,2379.00,2014.00,2108.00,6501.00,Up is Good,Library Visits,New Earswick Library
LIB01-K,Library Visits - New Earswick Library,Monthly,2017-03-31,24331.00,1975.0,1918.0,1906.0,5799.0,1718.0,2028.0,2149.0,5895.00,2102.00,2506.00,1511.00,6119.00,2242.00,1807.00,2469.00,6518.00,Up is Good,Library Visits,New Earswick Library
LIB01-K,Library Visits - New Earswick Library,Monthly,2018-03-31,24544.00,1824.0,2160.0,2109.0,6093.0,2199.0,1686.0,2245.0,6130.00,2461.00,2207.00,1565.00,6233.00,2256.00,1798.00,2034.00,6088.00,Up is Good,Library Visits,New Earswick Library
LIB01-K,Library Visits - New Earswick Library,Monthly,2019-03-31,17509.00,1891.0,1032.0,1234.0,4157.0,1417.0,1557.0,1849.0,4823.00,1445.00,1571.00,1011.00,4027.00,1540.00,1326.00,1636.00,4502.00,Up is Good,Library Visits,New Earswick Library
LIB01-K,Library Visits - New Earswick Library,Monthly,2020-03-31,18744.00,1649.0,1520.0,1475.0,4644.0,1931.0,1841.0,1438.0,5210.00,1750.00,1616.00,1310.00,4676.00,1655.00,1559.00,1000.00,4214.00,Up is Good,Library Visits,New Earswick Library
LIB01-K,Library Visits - New Earswick Library,Monthly,2021-03-31,1983.00,0.0,0.0,0.0,0.0,0.0,110.0,432.0,542.00,877.00,222.00,294.00,1393.00,48.00,0.00,0.00,48.00,Up is Good,Library Visits,New Earswick Library
LIB01-K,Library Visits - New Earswick Library,Monthly,2022-03-31,14006.00,476.0,846.0,1052.0,2374.0,1167.0,1114.0,1112.0,3393.00,1296.00,1375.00,1125.00,3796.00,1454.00,1316.00,1673.00,4443.00,Up is Good,Library Visits,New Earswick Library
LIB01-K,Library Visits - New Earswick Library,Monthly,2023-03-31,,1553.0,1670.0,1704.0,4927.0,1656.0,2264.0,2167.0,6087.00,2309.00,2461.00,1719.00,6489.00,,,,,Up is Good,Library Visits,New Earswick Library
LIB01-L,Library Visits - Poppleton Library,Monthly,2012-03-31,27506.00,,,,,,,,,,,,,,,,,Up is Good,Library Visits,Poppleton Library
LIB01-L,Library Visits - Poppleton Library,Monthly,2013-03-31,22482.00,,,,,,,,,,,,,,,,,Up is Good,Library Visits,Poppleton Library
LIB01-L,Library Visits - Poppleton Library,Monthly,2014-03-31,23157.00,,,,,,,,,,,,,,,,,Up is Good,Library Visits,Poppleton Library
LIB01-L,Library Visits - Poppleton Library,Monthly,2015-03-31,23641.00,1617.0,1788.0,1981.0,5386.0,2241.0,2227.0,2215.0,6683.00,2265.00,1986.00,1542.00,5793.00,2229.00,1730.00,1820.00,5779.00,Up is Good,Library Visits,Poppleton Library
LIB01-L,Library Visits - Poppleton Library,Monthly,2016-03-31,20903.00,1704.0,1584.0,1669.0,4957.0,1826.0,1561.0,1650.0,5037.00,1794.00,1862.00,1543.00,5199.00,1952.00,1895.00,1863.00,5710.00,Up is Good,Library Visits,Poppleton Library
LIB01-L,Library Visits - Poppleton Library,Monthly,2017-03-31,21952.00,1839.0,1700.0,2016.0,5555.0,2139.0,2084.0,1994.0,6217.00,1781.00,1623.00,1315.00,4719.00,1881.00,1604.00,1976.00,5461.00,Up is Good,Library Visits,Poppleton Library
LIB01-L,Library Visits - Poppleton Library,Monthly,2018-03-31,23137.00,1585.0,1963.0,1937.0,5485.0,2148.0,1975.0,2027.0,6150.00,1912.00,1898.00,1684.00,5494.00,2196.00,1798.00,2014.00,6008.00,Up is Good,Library Visits,Poppleton Library
LIB01-L,Library Visits - Poppleton Library,Monthly,2019-03-31,22471.00,1975.0,1665.0,2033.0,5673.0,2029.0,1964.0,1736.0,5729.00,1938.00,1911.00,1271.00,5120.00,1900.00,1766.00,2283.00,5949.00,Up is Good,Library Visits,Poppleton Library
LIB01-L,Library Visits - Poppleton Library,Monthly,2020-03-31,21276.00,1865.0,1771.0,1800.0,5436.0,1970.0,1800.0,1844.0,5614.00,2106.00,1946.00,1195.00,5247.00,1982.00,1660.00,1337.00,4979.00,Up is Good,Library Visits,Poppleton Library
LIB01-L,Library Visits - Poppleton Library,Monthly,2021-03-31,2578.00,0.0,0.0,0.0,0.0,0.0,0.0,826.0,826.00,932.00,174.00,573.00,1679.00,73.00,0.00,0.00,73.00,Up is Good,Library Visits,Poppleton Library
LIB01-L,Library Visits - Poppleton Library,Monthly,2022-03-31,11002.00,479.0,714.0,803.0,1996.0,937.0,935.0,1152.0,3024.00,958.00,978.00,801.00,2737.00,1082.00,991.00,1172.00,3245.00,Up is Good,Library Visits,Poppleton Library
LIB01-L,Library Visits - Poppleton Library,Monthly,2023-03-31,,1115.0,1093.0,1103.0,3311.0,1329.0,1564.0,1399.0,4292.00,1408.00,1381.00,1020.00,3809.00,,,,,Up is Good,Library Visits,Poppleton Library
LIB01-M,Library Visits - Rowntree Park Reading Cafe,Monthly,2012-03-31,,,,,,,,,,,,,,,,,,Up is Good,Library Visits,Rowntree Park Reading Cafe
LIB01-M,Library Visits - Rowntree Park Reading Cafe,Monthly,2013-03-31,48264.00,,,,,,,,,,,,,,,,,Up is Good,Library Visits,Rowntree Park Reading Cafe
LIB01-M,Library Visits - Rowntree Park Reading Cafe,Monthly,2014-03-31,89478.00,,,,,,,,,,,,,,,,,Up is Good,Library Visits,Rowntree Park Reading Cafe
LIB01-M,Library Visits - Rowntree Park Reading Cafe,Monthly,2015-03-31,81155.00,7235.0,5738.0,6051.0,19024.0,9766.0,10020.0,7173.0,26959.00,7694.00,6406.00,5938.00,20038.00,4882.00,3646.00,6606.00,15134.00,Up is Good,Library Visits,Rowntree Park Reading Cafe
LIB01-M,Library Visits - Rowntree Park Reading Cafe,Monthly,2016-03-31,83516.00,9524.0,7582.0,7912.0,25018.0,9484.0,9398.0,8372.0,27254.00,8316.00,4044.00,2172.00,14532.00,2868.00,6092.00,7752.00,16712.00,Up is Good,Library Visits,Rowntree Park Reading Cafe
LIB01-M,Library Visits - Rowntree Park Reading Cafe,Monthly,2017-03-31,90174.00,7856.0,9436.0,8162.0,25454.0,10018.0,11862.0,8970.0,30850.00,6190.00,4858.00,3860.00,14908.00,5710.00,5938.00,7314.00,18962.00,Up is Good,Library Visits,Rowntree Park Reading Cafe
LIB01-M,Library Visits - Rowntree Park Reading Cafe,Monthly,2018-03-31,93253.00,8949.0,9616.0,8652.0,27217.0,9068.0,10871.0,10869.0,30808.00,7366.00,5744.00,4214.00,17324.00,4586.00,5676.00,7642.00,17904.00,Up is Good,Library Visits,Rowntree Park Reading Cafe
LIB01-M,Library Visits - Rowntree Park Reading Cafe,Monthly,2019-03-31,101265.00,6916.0,9802.0,8488.0,25206.0,11585.0,11365.0,9575.0,32525.00,9420.00,6933.00,4130.00,20483.00,6833.00,8363.00,7855.00,23051.00,Up is Good,Library Visits,Rowntree Park Reading Cafe
LIB01-M,Library Visits - Rowntree Park Reading Cafe,Monthly,2020-03-31,89788.00,8416.0,8480.0,7748.0,24644.0,11005.0,11370.0,9418.0,31793.00,6133.00,6410.00,5435.00,17978.00,7905.00,4825.00,2643.00,15373.00,Up is Good,Library Visits,Rowntree Park Reading Cafe
LIB01-M,Library Visits - Rowntree Park Reading Cafe,Monthly,2021-03-31,62172.00,0.0,0.0,0.0,0.0,7705.0,11043.0,9978.0,28726.00,9293.00,4345.00,5785.00,19423.00,2888.00,2130.00,9005.00,14023.00,Up is Good,Library Visits,Rowntree Park Reading Cafe
LIB01-M,Library Visits - Rowntree Park Reading Cafe,Monthly,2022-03-31,93408.00,9112.0,7936.0,8670.0,25718.0,9330.0,10354.0,9264.0,28948.00,8140.00,7064.00,5156.00,20360.00,7810.00,5066.00,5506.00,18382.00,Up is Good,Library Visits,Rowntree Park Reading Cafe
LIB01-M,Library Visits - Rowntree Park Reading Cafe,Monthly,2023-03-31,,9888.0,9324.0,9478.0,28690.0,8792.0,10868.0,7876.0,27536.00,8232.00,5114.00,4772.00,18118.00,,,,,Up is Good,Library Visits,Rowntree Park Reading Cafe
LIB01-N,Library Visits - Strensall Library,Monthly,2012-03-31,21533.00,,,,,,,,,,,,,,,,,Up is Good,Library Visits,Strensall Library
LIB01-N,Library Visits - Strensall Library,Monthly,2013-03-31,20163.00,,,,,,,,,,,,,,,,,Up is Good,Library Visits,Strensall Library
LIB01-N,Library Visits - Strensall Library,Monthly,2014-03-31,20903.00,,,,,,,,,,,,,,,,,Up is Good,Library Visits,Strensall Library
LIB01-N,Library Visits - Strensall Library,Monthly,2015-03-31,20107.00,1552.0,1505.0,1771.0,4828.0,2387.0,1832.0,1799.0,6018.00,1578.00,1754.00,1212.00,4544.00,1641.00,1489.00,1587.00,4717.00,Up is Good,Library Visits,Strensall Library
LIB01-N,Library Visits - Strensall Library,Monthly,2016-03-31,17120.00,1333.0,1382.0,1617.0,4332.0,1884.0,1703.0,1681.0,5268.00,1352.00,1367.00,1081.00,3800.00,1388.00,1110.00,1222.00,3720.00,Up is Good,Library Visits,Strensall Library
LIB01-N,Library Visits - Strensall Library,Monthly,2017-03-31,13957.00,1190.0,1339.0,963.0,3492.0,1091.0,1393.0,1331.0,3815.00,1249.00,1152.00,794.00,3195.00,1279.00,994.00,1182.00,3455.00,Up is Good,Library Visits,Strensall Library
LIB01-N,Library Visits - Strensall Library,Monthly,2018-03-31,13129.00,950.0,917.0,1093.0,2960.0,1103.0,1336.0,1204.0,3643.00,1120.00,1183.00,753.00,3056.00,1217.00,1158.00,1095.00,3470.00,Up is Good,Library Visits,Strensall Library
LIB01-N,Library Visits - Strensall Library,Monthly,2019-03-31,12111.00,1255.0,878.0,956.0,3089.0,1183.0,1207.0,1001.0,3391.00,1228.00,1065.00,555.00,2848.00,1090.00,886.00,807.00,2783.00,Up is Good,Library Visits,Strensall Library
LIB01-N,Library Visits - Strensall Library,Monthly,2020-03-31,14955.00,914.0,1094.0,1026.0,3034.0,1392.0,1524.0,1409.0,4325.00,1452.00,1259.00,965.00,3676.00,1672.00,1394.00,854.00,3920.00,Up is Good,Library Visits,Strensall Library
LIB01-N,Library Visits - Strensall Library,Monthly,2021-03-31,2318.00,0.0,0.0,0.0,0.0,0.0,0.0,741.0,741.00,893.00,116.00,525.00,1534.00,43.00,0.00,0.00,43.00,Up is Good,Library Visits,Strensall Library
LIB01-N,Library Visits - Strensall Library,Monthly,2022-03-31,11085.00,558.0,791.0,852.0,2201.0,920.0,1141.0,1034.0,3095.00,1009.00,1014.00,702.00,2725.00,961.00,1015.00,1088.00,3064.00,Up is Good,Library Visits,Strensall Library
LIB01-N,Library Visits - Strensall Library,Monthly,2023-03-31,,980.0,1038.0,1012.0,3030.0,1104.0,1183.0,1131.0,3418.00,1182.00,1052.00,936.00,3170.00,,,,,Up is Good,Library Visits,Strensall Library
LIB01-O,Library Visits - Sycamore House Reading Cafe,Monthly,2012-03-31,,,,,,,,,,,,,,,,,,Up is Good,Library Visits,Sycamore House Reading Cafe
LIB01-O,Library Visits - Sycamore House Reading Cafe,Monthly,2013-03-31,,,,,,,,,,,,,,,,,,Up is Good,Library Visits,Sycamore House Reading Cafe
LIB01-O,Library Visits - Sycamore House Reading Cafe,Monthly,2014-03-31,300.00,,,,,,,,,,,,,,,,,Up is Good,Library Visits,Sycamore House Reading Cafe
LIB01-O,Library Visits - Sycamore House Reading Cafe,Monthly,2015-03-31,2597.00,23.0,20.0,323.0,366.0,373.0,353.0,401.0,1127.00,331.00,263.00,206.00,800.00,142.00,65.00,97.00,304.00,Up is Good,Library Visits,Sycamore House Reading Cafe
LIB01-O,Library Visits - Sycamore House Reading Cafe,Monthly,2016-03-31,718.00,86.0,61.0,66.0,213.0,97.0,47.0,54.0,198.00,56.00,59.00,46.00,161.00,31.00,49.00,66.00,146.00,Up is Good,Library Visits,Sycamore House Reading Cafe
LIB01-O,Library Visits - Sycamore House Reading Cafe,Monthly,2017-03-31,624.00,72.0,57.0,62.0,191.0,52.0,72.0,53.0,177.00,56.00,53.00,24.00,133.00,49.00,43.00,31.00,123.00,Up is Good,Library Visits,Sycamore House Reading Cafe
LIB01-O,Library Visits - Sycamore House Reading Cafe,Monthly,2018-03-31,255.00,24.0,9.0,0.0,33.0,5.0,32.0,38.0,75.00,27.00,31.00,14.00,72.00,41.00,18.00,16.00,75.00,Up is Good,Library Visits,Sycamore House Reading Cafe
LIB01-O,Library Visits - Sycamore House Reading Cafe,Monthly,2019-03-31,-1,15.0,23.0,7.0,45.0,8.0,,,8.00,-1,-1,-1,-1,-1,-1,-1,-1,Up is Good,Library Visits,Sycamore House Reading Cafe
LIB01-P,Library Visits - Burnholme/Tang Hall Explore,Monthly,2012-03-31,55832.00,,,,,,,,,,,,,,,,,Up is Good,Library Visits,Burnholme/Tang Hall Explore
LIB01-P,Library Visits - Burnholme/Tang Hall Explore,Monthly,2013-03-31,54049.00,,,,,,,,,,,,,,,,,Up is Good,Library Visits,Burnholme/Tang Hall Explore
LIB01-P,Library Visits - Burnholme/Tang Hall Explore,Monthly,2014-03-31,56083.00,,,,,,,,,,,,,,,,,Up is Good,Library Visits,Burnholme/Tang Hall Explore
LIB01-P,Library Visits - Burnholme/Tang Hall Explore,Monthly,2015-03-31,62651.00,4459.0,4462.0,5277.0,14198.0,6155.0,6473.0,5978.0,18606.00,6135.00,5243.00,4044.00,15422.00,5088.00,4552.00,4785.00,14425.00,Up is Good,Library Visits,Burnholme/Tang Hall Explore
LIB01-P,Library Visits - Burnholme/Tang Hall Explore,Monthly,2016-03-31,55909.00,4172.0,4319.0,4579.0,13070.0,5646.0,5170.0,4873.0,15689.00,5065.00,4879.00,3507.00,13451.00,4578.00,4537.00,4584.00,13699.00,Up is Good,Library Visits,Burnholme/Tang Hall Explore
LIB01-P,Library Visits - Burnholme/Tang Hall Explore,Monthly,2017-03-31,57463.00,4902.0,4129.0,5281.0,14312.0,5489.0,5552.0,5091.0,16132.00,4938.00,4290.00,4197.00,13425.00,4361.00,4343.00,4890.00,13594.00,Up is Good,Library Visits,Burnholme/Tang Hall Explore
LIB01-P,Library Visits - Burnholme/Tang Hall Explore,Monthly,2018-03-31,55352.00,4058.0,4821.0,4563.0,13442.0,5332.0,5454.0,4867.0,15653.00,5159.00,4375.00,3598.00,13132.00,4568.00,3932.00,4625.00,13125.00,Up is Good,Library Visits,Burnholme/Tang Hall Explore
LIB01-P,Library Visits - Burnholme/Tang Hall Explore,Monthly,2019-03-31,119008.00,4446.0,3894.0,4385.0,12725.0,11093.0,10244.0,11196.0,32533.00,12966.00,13294.00,9890.00,36150.00,12368.00,11763.00,13469.00,37600.00,Up is Good,Library Visits,Burnholme/Tang Hall Explore
LIB01-P,Library Visits - Burnholme/Tang Hall Explore,Monthly,2020-03-31,153294.00,10513.0,13282.0,12496.0,36291.0,13576.0,11652.0,13558.0,38786.00,14579.00,14532.00,12063.00,41174.00,15009.00,13209.00,8825.00,37043.00,Up is Good,Library Visits,Burnholme/Tang Hall Explore
LIB01-P,Library Visits - Burnholme/Tang Hall Explore,Monthly,2021-03-31,15162.00,0.0,0.0,0.0,0.0,1320.0,1475.0,2634.0,5429.00,3394.00,1259.00,2146.00,6799.00,1044.00,844.00,1046.00,2934.00,Up is Good,Library Visits,Burnholme/Tang Hall Explore
LIB01-P,Library Visits - Burnholme/Tang Hall Explore,Monthly,2022-03-31,83347.00,2444.0,3454.0,5174.0,11072.0,4888.0,5966.0,7438.0,18292.00,8757.00,9633.00,6948.00,25338.00,9018.00,9405.00,10222.00,28645.00,Up is Good,Library Visits,Burnholme/Tang Hall Explore
LIB01-P,Library Visits - Burnholme/Tang Hall Explore,Monthly,2023-03-31,,7734.0,10195.0,10227.0,28156.0,9267.0,8622.0,10104.0,27993.00,11820.00,11739.00,9249.00,32808.00,,,,,Up is Good,Library Visits,Burnholme/Tang Hall Explore
LIB01-Q,Library Visits - York Explore,Monthly,2012-03-31,518511.00,,,,,,,,,,,,,,,,,Up is Good,Library Visits,York Explore
LIB01-Q,Library Visits - York Explore,Monthly,2013-03-31,515875.00,,,,,,,,,,,,,,,,,Up is Good,Library Visits,York Explore
LIB01-Q,Library Visits - York Explore,Monthly,2014-03-31,483573.00,,,,,,,,,,,,,,,,,Up is Good,Library Visits,York Explore
LIB01-Q,Library Visits - York Explore,Monthly,2015-03-31,194963.00,35664.0,36252.0,0.0,71916.0,0.0,0.0,0.0,0.00,0.00,0.00,0.00,0.00,39963.00,39939.00,43145.00,123047.00,Up is Good,Library Visits,York Explore
LIB01-Q,Library Visits - York Explore,Monthly,2016-03-31,455837.00,37973.0,37353.0,37627.0,112953.0,42530.0,42003.0,39279.0,123812.00,40212.00,35968.00,28785.00,104965.00,39249.00,39224.00,35634.00,114107.00,Up is Good,Library Visits,York Explore
LIB01-Q,Library Visits - York Explore,Monthly,2017-03-31,437009.00,39885.0,34298.0,37905.0,112088.0,37370.0,43645.0,34093.0,115108.00,36612.00,34160.00,29914.00,100686.00,35898.00,34340.00,38889.00,109127.00,Up is Good,Library Visits,York Explore
LIB01-Q,Library Visits - York Explore,Monthly,2018-03-31,426440.00,33625.0,35714.0,36574.0,105913.0,38066.0,40772.0,35790.0,114628.00,37307.00,35458.00,29247.00,102012.00,35614.00,32716.00,35557.00,103887.00,Up is Good,Library Visits,York Explore
LIB01-Q,Library Visits - York Explore,Monthly,2019-03-31,409646.00,35189.0,32967.0,34722.0,102878.0,40951.0,36213.0,33310.0,110474.00,35276.00,32475.00,26639.00,94390.00,35867.00,32732.00,33305.00,101904.00,Up is Good,Library Visits,York Explore
LIB01-Q,Library Visits - York Explore,Monthly,2020-03-31,374576.00,31269.0,33186.0,34703.0,99158.0,34422.0,37806.0,32460.0,104688.00,34851.00,29893.00,25346.00,90090.00,32193.00,30606.00,17841.00,80640.00,Up is Good,Library Visits,York Explore
LIB01-Q,Library Visits - York Explore,Monthly,2021-03-31,39254.00,0.0,0.0,0.0,0.0,3200.0,3657.0,7168.0,14025.00,9225.00,3294.00,5188.00,17707.00,2385.00,2276.00,2861.00,7522.00,Up is Good,Library Visits,York Explore
LIB01-Q,Library Visits - York Explore,Monthly,2022-03-31,180564.00,5701.0,7490.0,9149.0,22340.0,11400.0,17831.0,16841.0,46072.00,18645.00,18890.00,14046.00,51581.00,17437.00,18911.00,24223.00,60571.00,Up is Good,Library Visits,York Explore
LIB01-Q,Library Visits - York Explore,Monthly,2023-03-31,,20460.0,22722.0,21505.0,64687.0,23790.0,26425.0,23746.0,73961.00,26976.00,25494.00,19955.00,72425.00,,,,,Up is Good,Library Visits,York Explore
LIB01-S,Library Visits - Homestead Park,Monthly,2017-03-31,54488.00,,1030.0,7224.0,8254.0,11971.0,18417.0,8242.0,38630.00,4564.00,1103.00,729.00,6396.00,500.00,468.00,240.00,1208.00,Up is Good,Library Visits,Homestead Park
LIB01-S,Library Visits - Homestead Park,Monthly,2018-03-31,42693.00,3552.0,7185.0,6714.0,17451.0,8260.0,10129.0,3422.0,21811.00,1782.00,827.00,0.00,2609.00,0.00,0.00,822.00,822.00,Up is Good,Library Visits,Homestead Park
LIB01-S,Library Visits - Homestead Park,Monthly,2019-03-31,32875.00,1454.0,4248.0,5268.0,10970.0,9300.0,9883.0,2147.0,21330.00,485.00,90.00,0.00,575.00,0.00,0.00,0.00,0.00,Up is Good,Library Visits,Homestead Park
LIB01-S,Library Visits - Homestead Park,Monthly,2020-03-31,31418.00,4378.0,4518.0,3576.0,12472.0,7198.0,8775.0,2790.0,18763.00,183.00,0.00,0.00,183.00,0.00,0.00,0.00,0.00,Up is Good,Library Visits,Homestead Park
LIB01-S,Library Visits - Homestead Park,Monthly,2021-03-31,13753.00,0.0,0.0,0.0,0.0,6150.0,6280.0,1323.0,13753.00,0.00,0.00,0.00,0.00,0.00,0.00,0.00,0.00,Up is Good,Library Visits,Homestead Park
LIB01-S,Library Visits - Homestead Park,Monthly,2022-03-31,18596.00,52.0,3428.0,4770.0,8250.0,3804.0,5000.0,1542.0,10346.00,0.00,0.00,0.00,0.00,0.00,0.00,0.00,0.00,Up is Good,Library Visits,Homestead Park
LIB01-S,Library Visits - Homestead Park,Monthly,2023-03-31,,3988.0,2652.0,3324.0,9964.0,3722.0,7108.0,1352.0,12182.00,0.00,0.00,0.00,0.00,,,,,Up is Good,Library Visits,Homestead Park
LIB02,Books Borrowed - All Libraries,Monthly,2015-03-31,778615.00,73746.0,75121.0,58717.0,207584.0,67812.0,68830.0,61544.0,198186.00,60823.00,55451.00,44485.00,160759.00,73770.00,66349.00,71967.00,212086.00,Up is Good,Books Borrowed,All Libraries
LIB02,Books Borrowed - All Libraries,Monthly,2016-03-31,819179.00,65248.0,68960.0,65624.0,199832.0,77734.0,74421.0,69316.0,221471.00,71752.00,65424.00,56419.00,193595.00,66777.00,67961.00,69543.00,204281.00,Up is Good,Books Borrowed,All Libraries
LIB02,Books Borrowed - All Libraries,Monthly,2017-03-31,800300.00,70520.0,65923.0,65844.0,202287.0,71665.0,75737.0,66381.0,213783.00,66940.00,62730.00,55465.00,185135.00,68331.00,61815.00,68949.00,199095.00,Up is Good,Books Borrowed,All Libraries
LIB02,Books Borrowed - All Libraries,Monthly,2018-03-31,788861.00,63486.0,65397.0,63473.0,192356.0,71603.0,75689.0,67248.0,214540.00,69229.00,62433.00,54174.00,185836.00,67048.00,60639.00,68442.00,196129.00,Up is Good,Books Borrowed,All Libraries
LIB02,Books Borrowed - All Libraries,Monthly,2019-03-31,762434.00,65549.0,62012.0,60745.0,188306.0,69611.0,74311.0,64244.0,208166.00,66830.00,63554.00,48996.00,179380.00,67402.00,56939.00,62241.00,186582.00,Up is Good,Books Borrowed,All Libraries
LIB02,Books Borrowed - All Libraries,Monthly,2020-03-31,736616.00,62433.0,61311.0,58492.0,182236.0,68057.0,72578.0,61606.0,202241.00,65080.00,61065.00,50693.00,176838.00,64565.00,61446.00,49290.00,175301.00,Up is Good,Books Borrowed,All Libraries
LIB02,Books Borrowed - All Libraries,Monthly,2021-03-31,497380.00,23358.0,30053.0,25641.0,79052.0,29153.0,34455.0,57060.0,120668.00,75082.00,46637.00,46345.00,168064.00,45874.00,40534.00,43188.00,129596.00,Up is Good,Books Borrowed,All Libraries
LIB02,Books Borrowed - All Libraries,Monthly,2022-03-31,942896.00,61737.0,75250.0,73556.0,210543.0,80959.0,86059.0,80158.0,247176.00,84931.00,81846.00,69947.00,236724.00,84623.00,77470.00,86360.00,248453.00,Up is Good,Books Borrowed,All Libraries
LIB02,Books Borrowed - All Libraries,Monthly,2023-03-31,,83411.0,86865.0,80312.0,250588.0,93228.0,96978.0,87208.0,277414.00,93843.00,87472.00,76508.00,257823.00,,,,,Up is Good,Books Borrowed,All Libraries
LIB02-A,Books Borrowed - Acomb Explore,Monthly,2015-03-31,135082.00,9566.0,10401.0,11169.0,31136.0,14831.0,14708.0,12672.0,42211.00,12510.00,11704.00,8511.00,32725.00,10478.00,8812.00,9720.00,29010.00,Up is Good,Books Borrowed,Acomb Explore
LIB02-A,Books Borrowed - Acomb Explore,Monthly,2016-03-31,106081.00,8604.0,8990.0,8260.0,25854.0,11062.0,10041.0,8677.0,29780.00,9595.00,8418.00,6949.00,24962.00,8248.00,9031.00,8206.00,25485.00,Up is Good,Books Borrowed,Acomb Explore
LIB02-A,Books Borrowed - Acomb Explore,Monthly,2017-03-31,101417.00,9062.0,8254.0,8255.0,25571.0,9688.0,10033.0,8991.0,28712.00,7816.00,7797.00,6998.00,22611.00,8414.00,7580.00,8529.00,24523.00,Up is Good,Books Borrowed,Acomb Explore
LIB02-A,Books Borrowed - Acomb Explore,Monthly,2018-03-31,96494.00,7787.0,8022.0,7593.0,23402.0,9484.0,10167.0,8375.0,28026.00,7945.00,7599.00,6329.00,21873.00,7623.00,7078.00,8492.00,23193.00,Up is Good,Books Borrowed,Acomb Explore
LIB02-A,Books Borrowed - Acomb Explore,Monthly,2019-03-31,93294.00,8191.0,7618.0,7350.0,23159.0,8723.0,9359.0,7690.0,25772.00,7883.00,7766.00,6275.00,21924.00,7705.00,7050.00,7684.00,22439.00,Up is Good,Books Borrowed,Acomb Explore
LIB02-A,Books Borrowed - Acomb Explore,Monthly,2020-03-31,92134.00,7549.0,7320.0,7042.0,21911.0,9133.0,9609.0,7775.0,26517.00,8151.00,7334.00,6397.00,21882.00,8074.00,7744.00,6006.00,21824.00,Up is Good,Books Borrowed,Acomb Explore
LIB02-A,Books Borrowed - Acomb Explore,Monthly,2021-03-31,21481.00,0.0,67.0,0.0,67.0,1398.0,1289.0,3557.0,6244.00,5895.00,2056.00,2231.00,10182.00,1805.00,1631.00,1552.00,4988.00,Up is Good,Books Borrowed,Acomb Explore
LIB02-A,Books Borrowed - Acomb Explore,Monthly,2022-03-31,78578.00,3511.0,5323.0,5457.0,14291.0,7178.0,7758.0,7247.0,22183.00,7590.00,7318.00,5754.00,20662.00,7304.00,6696.00,7442.00,21442.00,Up is Good,Books Borrowed,Acomb Explore
LIB02-A,Books Borrowed - Acomb Explore,Monthly,2023-03-31,,7466.0,7661.0,6890.0,22017.0,9725.0,10098.0,8034.0,27857.00,8313.00,7491.00,6486.00,22290.00,,,,,Up is Good,Books Borrowed,Acomb Explore
LIB02-B,Books Borrowed - Bishopthorpe Library,Monthly,2015-03-31,28166.00,2305.0,2407.0,2336.0,7048.0,2804.0,2650.0,2402.0,7856.00,2536.00,2363.00,1794.00,6693.00,2418.00,1948.00,2203.00,6569.00,Up is Good,Books Borrowed,Bishopthorpe Library
LIB02-B,Books Borrowed - Bishopthorpe Library,Monthly,2016-03-31,27326.00,1975.0,2267.0,2200.0,6442.0,2616.0,2740.0,2339.0,7695.00,2326.00,2117.00,1828.00,6271.00,2240.00,2406.00,2272.00,6918.00,Up is Good,Books Borrowed,Bishopthorpe Library
LIB02-B,Books Borrowed - Bishopthorpe Library,Monthly,2017-03-31,27025.00,2235.0,2010.0,2066.0,6311.0,2426.0,2405.0,2309.0,7140.00,2300.00,2119.00,1911.00,6330.00,2513.00,2088.00,2643.00,7244.00,Up is Good,Books Borrowed,Bishopthorpe Library
LIB02-B,Books Borrowed - Bishopthorpe Library,Monthly,2018-03-31,28025.00,2255.0,2346.0,2349.0,6950.0,2558.0,2505.0,2204.0,7267.00,2581.00,2433.00,1907.00,6921.00,2437.00,2115.00,2335.00,6887.00,Up is Good,Books Borrowed,Bishopthorpe Library
LIB02-B,Books Borrowed - Bishopthorpe Library,Monthly,2019-03-31,24971.00,2155.0,2049.0,2102.0,6306.0,2140.0,2396.0,2158.0,6694.00,2227.00,1920.00,1488.00,5635.00,2300.00,1891.00,2145.00,6336.00,Up is Good,Books Borrowed,Bishopthorpe Library
LIB02-B,Books Borrowed - Bishopthorpe Library,Monthly,2020-03-31,25392.00,2228.0,2179.0,2010.0,6417.0,2441.0,2598.0,2402.0,7441.00,2124.00,2141.00,1567.00,5832.00,2034.00,2007.00,1661.00,5702.00,Up is Good,Books Borrowed,Bishopthorpe Library
LIB02-B,Books Borrowed - Bishopthorpe Library,Monthly,2021-03-31,4812.00,0.0,0.0,0.0,0.0,0.0,9.0,1187.0,1196.00,2009.00,500.00,895.00,3404.00,189.00,16.00,7.00,212.00,Up is Good,Books Borrowed,Bishopthorpe Library
LIB02-B,Books Borrowed - Bishopthorpe Library,Monthly,2022-03-31,22926.00,1225.0,1951.0,1872.0,5048.0,2126.0,2262.0,2198.0,6586.00,1757.00,1826.00,1493.00,5076.00,2182.00,1906.00,2128.00,6216.00,Up is Good,Books Borrowed,Bishopthorpe Library
LIB02-B,Books Borrowed - Bishopthorpe Library,Monthly,2023-03-31,,1816.0,2121.0,2000.0,5937.0,2274.0,2138.0,2191.0,6603.00,2095.00,2116.00,1486.00,5697.00,,,,,Up is Good,Books Borrowed,Bishopthorpe Library
LIB02-C,Books Borrowed - Clifton Explore,Monthly,2015-03-31,29383.00,2073.0,2408.0,2239.0,6720.0,2718.0,2857.0,2638.0,8213.00,2597.00,2584.00,2010.00,7191.00,2597.00,2049.00,2613.00,7259.00,Up is Good,Books Borrowed,Clifton Explore
LIB02-C,Books Borrowed - Clifton Explore,Monthly,2016-03-31,43285.00,3355.0,3628.0,3391.0,10374.0,4174.0,4145.0,3778.0,12097.00,3702.00,3335.00,3098.00,10135.00,3224.00,3769.00,3686.00,10679.00,Up is Good,Books Borrowed,Clifton Explore
LIB02-C,Books Borrowed - Clifton Explore,Monthly,2017-03-31,42770.00,3736.0,3618.0,3357.0,10711.0,3588.0,4200.0,3148.0,10936.00,3359.00,3553.00,2928.00,9840.00,3933.00,3450.00,3900.00,11283.00,Up is Good,Books Borrowed,Clifton Explore
LIB02-C,Books Borrowed - Clifton Explore,Monthly,2018-03-31,45407.00,3998.0,3645.0,3498.0,11141.0,4059.0,4567.0,3618.0,12244.00,4146.00,3521.00,2860.00,10527.00,4034.00,3411.00,4050.00,11495.00,Up is Good,Books Borrowed,Clifton Explore
LIB02-C,Books Borrowed - Clifton Explore,Monthly,2019-03-31,44838.00,4011.0,3730.0,3470.0,11211.0,4083.0,4591.0,3658.0,12332.00,4057.00,3923.00,2641.00,10621.00,3970.00,3207.00,3497.00,10674.00,Up is Good,Books Borrowed,Clifton Explore
LIB02-C,Books Borrowed - Clifton Explore,Monthly,2020-03-31,41943.00,3611.0,3451.0,3408.0,10470.0,3822.0,4155.0,3293.0,11270.00,3971.00,3392.00,2598.00,9961.00,3961.00,3444.00,2837.00,10242.00,Up is Good,Books Borrowed,Clifton Explore
LIB02-C,Books Borrowed - Clifton Explore,Monthly,2021-03-31,9860.00,0.0,83.0,0.0,83.0,1102.0,1002.0,2027.0,4131.00,3107.00,992.00,1202.00,5301.00,298.00,29.00,18.00,345.00,Up is Good,Books Borrowed,Clifton Explore
LIB02-C,Books Borrowed - Clifton Explore,Monthly,2022-03-31,37398.00,1947.0,2849.0,3040.0,7836.0,3252.0,3408.0,3478.0,10138.00,3281.00,3490.00,2739.00,9510.00,3229.00,3064.00,3621.00,9914.00,Up is Good,Books Borrowed,Clifton Explore
LIB02-C,Books Borrowed - Clifton Explore,Monthly,2023-03-31,,3166.0,3365.0,3121.0,9652.0,3629.0,3972.0,3585.0,11186.00,3633.00,3534.00,2888.00,10055.00,,,,,Up is Good,Books Borrowed,Clifton Explore
LIB02-D,Books Borrowed - Copmanthorpe Library,Monthly,2015-03-31,45955.00,3147.0,3343.0,4200.0,10690.0,4714.0,4971.0,4136.0,13821.00,4450.00,3768.00,3033.00,11251.00,3594.00,3214.00,3385.00,10193.00,Up is Good,Books Borrowed,Copmanthorpe Library
LIB02-D,Books Borrowed - Copmanthorpe Library,Monthly,2016-03-31,27407.00,2065.0,2425.0,2190.0,6680.0,2832.0,2572.0,2249.0,7653.00,2519.00,2331.00,1719.00,6569.00,2046.00,2246.00,2213.00,6505.00,Up is Good,Books Borrowed,Copmanthorpe Library
LIB02-D,Books Borrowed - Copmanthorpe Library,Monthly,2017-03-31,26658.00,2322.0,2175.0,2139.0,6636.0,2484.0,2457.0,2239.0,7180.00,2309.00,2067.00,1839.00,6215.00,2241.00,2042.00,2344.00,6627.00,Up is Good,Books Borrowed,Copmanthorpe Library
LIB02-D,Books Borrowed - Copmanthorpe Library,Monthly,2018-03-31,24683.00,1910.0,2108.0,2325.0,6343.0,2516.0,2414.0,2212.0,7142.00,2075.00,1924.00,1532.00,5531.00,1922.00,1629.00,2116.00,5667.00,Up is Good,Books Borrowed,Copmanthorpe Library
LIB02-D,Books Borrowed - Copmanthorpe Library,Monthly,2019-03-31,21269.00,1598.0,1697.0,1988.0,5283.0,2181.0,1999.0,1980.0,6160.00,1673.00,1958.00,1212.00,4843.00,1866.00,1460.00,1657.00,4983.00,Up is Good,Books Borrowed,Copmanthorpe Library
LIB02-D,Books Borrowed - Copmanthorpe Library,Monthly,2020-03-31,20231.00,1742.0,1578.0,1612.0,4932.0,1851.0,2066.0,1639.0,5556.00,1824.00,1756.00,1339.00,4919.00,1657.00,1692.00,1475.00,4824.00,Up is Good,Books Borrowed,Copmanthorpe Library
LIB02-D,Books Borrowed - Copmanthorpe Library,Monthly,2021-03-31,3726.00,0.0,0.0,0.0,0.0,0.0,1.0,938.0,939.00,1420.00,444.00,752.00,2616.00,168.00,0.00,3.00,171.00,Up is Good,Books Borrowed,Copmanthorpe Library
LIB02-D,Books Borrowed - Copmanthorpe Library,Monthly,2022-03-31,18334.00,844.0,1459.0,1533.0,3836.0,1791.0,1877.0,1758.0,5426.00,1611.00,1531.00,1136.00,4278.00,1741.00,1307.00,1746.00,4794.00,Up is Good,Books Borrowed,Copmanthorpe Library
LIB02-D,Books Borrowed - Copmanthorpe Library,Monthly,2023-03-31,,1491.0,1819.0,1433.0,4743.0,1870.0,1948.0,1535.0,5353.00,1699.00,1535.00,1192.00,4426.00,,,,,Up is Good,Books Borrowed,Copmanthorpe Library
LIB02-E,Books Borrowed - Dringhouses Library,Monthly,2015-03-31,31774.00,2138.0,2451.0,2418.0,7007.0,3182.0,3400.0,3111.0,9693.00,2763.00,2520.00,2138.00,7421.00,2755.00,2396.00,2502.00,7653.00,Up is Good,Books Borrowed,Dringhouses Library
LIB02-E,Books Borrowed - Dringhouses Library,Monthly,2016-03-31,29018.00,2231.0,2328.0,2501.0,7060.0,2807.0,2753.0,2366.0,7926.00,2834.00,2199.00,2110.00,7143.00,2343.00,2270.00,2276.00,6889.00,Up is Good,Books Borrowed,Dringhouses Library
LIB02-E,Books Borrowed - Dringhouses Library,Monthly,2017-03-31,28105.00,2351.0,2463.0,2275.0,7089.0,2475.0,2844.0,2670.0,7989.00,2566.00,2067.00,1882.00,6515.00,2259.00,1904.00,2349.00,6512.00,Up is Good,Books Borrowed,Dringhouses Library
LIB02-E,Books Borrowed - Dringhouses Library,Monthly,2018-03-31,27476.00,2015.0,2170.0,2487.0,6672.0,2556.0,2997.0,2548.0,8101.00,2459.00,2165.00,1770.00,6394.00,2191.00,1969.00,2149.00,6309.00,Up is Good,Books Borrowed,Dringhouses Library
LIB02-E,Books Borrowed - Dringhouses Library,Monthly,2019-03-31,25506.00,2366.0,2141.0,1924.0,6431.0,2557.0,2590.0,2179.0,7326.00,2091.00,2053.00,1522.00,5666.00,2238.00,1886.00,1959.00,6083.00,Up is Good,Books Borrowed,Dringhouses Library
LIB02-E,Books Borrowed - Dringhouses Library,Monthly,2020-03-31,24028.00,2050.0,1986.0,1823.0,5859.0,2229.0,2653.0,1892.0,6774.00,2050.00,2065.00,1511.00,5626.00,2171.00,1857.00,1741.00,5769.00,Up is Good,Books Borrowed,Dringhouses Library
LIB02-E,Books Borrowed - Dringhouses Library,Monthly,2021-03-31,3676.00,0.0,0.0,0.0,0.0,0.0,2.0,835.0,837.00,1586.00,431.00,620.00,2637.00,197.00,0.00,5.00,202.00,Up is Good,Books Borrowed,Dringhouses Library
LIB02-E,Books Borrowed - Dringhouses Library,Monthly,2022-03-31,20396.00,974.0,1557.0,1643.0,4174.0,1679.0,2131.0,1804.0,5614.00,1796.00,1827.00,1275.00,4898.00,1966.00,1617.00,2127.00,5710.00,Up is Good,Books Borrowed,Dringhouses Library
LIB02-E,Books Borrowed - Dringhouses Library,Monthly,2023-03-31,,1718.0,1879.0,1905.0,5502.0,2004.0,2289.0,2126.0,6419.00,2169.00,1758.00,1404.00,5331.00,,,,,Up is Good,Books Borrowed,Dringhouses Library
LIB02-F,Books Borrowed - Dunnington Library,Monthly,2015-03-31,17565.00,1397.0,1457.0,1400.0,4254.0,1717.0,1651.0,1505.0,4873.00,1467.00,1394.00,1004.00,3865.00,1423.00,1316.00,1834.00,4573.00,Up is Good,Books Borrowed,Dunnington Library
LIB02-F,Books Borrowed - Dunnington Library,Monthly,2016-03-31,21393.00,1778.0,1688.0,1565.0,5031.0,1989.0,1848.0,1813.0,5650.00,1946.00,1847.00,1576.00,5369.00,1752.00,1636.00,1955.00,5343.00,Up is Good,Books Borrowed,Dunnington Library
LIB02-F,Books Borrowed - Dunnington Library,Monthly,2017-03-31,21979.00,1787.0,1636.0,1735.0,5158.0,1914.0,1961.0,1734.0,5609.00,1726.00,1790.00,1496.00,5012.00,2180.00,1967.00,2053.00,6200.00,Up is Good,Books Borrowed,Dunnington Library
LIB02-F,Books Borrowed - Dunnington Library,Monthly,2018-03-31,21070.00,1807.0,1810.0,1567.0,5184.0,2073.0,1864.0,1697.0,5634.00,1754.00,1659.00,1455.00,4868.00,1885.00,1562.00,1937.00,5384.00,Up is Good,Books Borrowed,Dunnington Library
LIB02-F,Books Borrowed - Dunnington Library,Monthly,2019-03-31,17256.00,1655.0,1595.0,1521.0,4771.0,1610.0,1802.0,1289.0,4701.00,1252.00,1435.00,988.00,3675.00,1451.00,1237.00,1421.00,4109.00,Up is Good,Books Borrowed,Dunnington Library
LIB02-F,Books Borrowed - Dunnington Library,Monthly,2020-03-31,16626.00,1542.0,1423.0,1431.0,4396.0,1515.0,1861.0,1397.0,4773.00,1410.00,1407.00,1037.00,3854.00,1177.00,1485.00,941.00,3603.00,Up is Good,Books Borrowed,Dunnington Library
LIB02-F,Books Borrowed - Dunnington Library,Monthly,2021-03-31,2342.00,0.0,0.0,0.0,0.0,0.0,0.0,579.0,579.00,915.00,237.00,509.00,1661.00,100.00,0.00,2.00,102.00,Up is Good,Books Borrowed,Dunnington Library
LIB02-F,Books Borrowed - Dunnington Library,Monthly,2022-03-31,12460.00,552.0,922.0,999.0,2473.0,1197.0,1322.0,1053.0,3572.00,1131.00,1036.00,814.00,2981.00,1202.00,1136.00,1096.00,3434.00,Up is Good,Books Borrowed,Dunnington Library
LIB02-F,Books Borrowed - Dunnington Library,Monthly,2023-03-31,,1097.0,1077.0,1060.0,3234.0,1009.0,1270.0,1052.0,3331.00,1248.00,1076.00,926.00,3250.00,,,,,Up is Good,Books Borrowed,Dunnington Library
LIB02-G,Books Borrowed - Fulford Library,Monthly,2015-03-31,24675.00,1696.0,1770.0,1994.0,5460.0,2416.0,2263.0,2099.0,6778.00,2174.00,2157.00,1533.00,5864.00,2313.00,2212.00,2048.00,6573.00,Up is Good,Books Borrowed,Fulford Library
LIB02-G,Books Borrowed - Fulford Library,Monthly,2016-03-31,22059.00,1719.0,1859.0,1838.0,5416.0,1818.0,1564.0,2004.0,5386.00,2146.00,2029.00,1571.00,5746.00,1885.00,1859.00,1767.00,5511.00,Up is Good,Books Borrowed,Fulford Library
LIB02-G,Books Borrowed - Fulford Library,Monthly,2017-03-31,23332.00,1834.0,1684.0,1845.0,5363.0,1852.0,1691.0,2033.0,5576.00,2044.00,2402.00,1674.00,6120.00,2297.00,1792.00,2184.00,6273.00,Up is Good,Books Borrowed,Fulford Library
LIB02-G,Books Borrowed - Fulford Library,Monthly,2018-03-31,22770.00,1766.0,1863.0,2168.0,5797.0,1866.0,1761.0,1864.0,5491.00,1990.00,1834.00,1538.00,5362.00,1928.00,1967.00,2225.00,6120.00,Up is Good,Books Borrowed,Fulford Library
LIB02-G,Books Borrowed - Fulford Library,Monthly,2019-03-31,23890.00,2038.0,1905.0,2030.0,5973.0,2139.0,1923.0,1994.0,6056.00,2304.00,2439.00,1535.00,6278.00,2020.00,1824.00,1739.00,5583.00,Up is Good,Books Borrowed,Fulford Library
LIB02-G,Books Borrowed - Fulford Library,Monthly,2020-03-31,23114.00,1727.0,1768.0,1757.0,5252.0,1727.0,1736.0,2197.0,5660.00,2279.00,2313.00,1659.00,6251.00,2376.00,1947.00,1628.00,5951.00,Up is Good,Books Borrowed,Fulford Library
LIB02-G,Books Borrowed - Fulford Library,Monthly,2021-03-31,2862.00,0.0,0.0,0.0,0.0,0.0,0.0,696.0,696.00,1385.00,166.00,473.00,2024.00,131.00,0.00,11.00,142.00,Up is Good,Books Borrowed,Fulford Library
LIB02-G,Books Borrowed - Fulford Library,Monthly,2022-03-31,18735.00,775.0,1200.0,1401.0,3376.0,1529.0,1340.0,1346.0,4215.00,1780.00,1942.00,1326.00,5048.00,2260.00,1763.00,2073.00,6096.00,Up is Good,Books Borrowed,Fulford Library
LIB02-G,Books Borrowed - Fulford Library,Monthly,2023-03-31,,1894.0,1978.0,1811.0,5683.0,1893.0,1861.0,2005.0,5759.00,2160.00,2159.00,1541.00,5860.00,,,,,Up is Good,Books Borrowed,Fulford Library
LIB02-H,Books Borrowed - Haxby Explore,Monthly,2015-03-31,33507.00,2598.0,2613.0,2771.0,7982.0,3176.0,3432.0,2951.0,9559.00,2936.00,2885.00,2112.00,7933.00,2853.00,2660.00,2520.00,8033.00,Up is Good,Books Borrowed,Haxby Explore
LIB02-H,Books Borrowed - Haxby Explore,Monthly,2016-03-31,69879.00,5209.0,5834.0,5695.0,16738.0,6516.0,6424.0,6309.0,19249.00,6196.00,5757.00,4753.00,16706.00,5874.00,5707.00,5605.00,17186.00,Up is Good,Books Borrowed,Haxby Explore
LIB02-H,Books Borrowed - Haxby Explore,Monthly,2017-03-31,44628.00,5984.0,5453.0,5616.0,17053.0,5046.0,3263.0,2768.0,11077.00,2896.00,2884.00,2347.00,8127.00,2987.00,2604.00,2780.00,8371.00,Up is Good,Books Borrowed,Haxby Explore
LIB02-H,Books Borrowed - Haxby Explore,Monthly,2018-03-31,32578.00,2440.0,2847.0,2273.0,7560.0,3197.0,3216.0,2889.0,9302.00,2936.00,2445.00,2118.00,7499.00,2690.00,2663.00,2864.00,8217.00,Up is Good,Books Borrowed,Haxby Explore
LIB02-H,Books Borrowed - Haxby Explore,Monthly,2019-03-31,28716.00,3101.0,2951.0,2682.0,8734.0,2957.0,2574.0,2370.0,7901.00,2629.00,1921.00,1611.00,6161.00,2538.00,1375.00,2007.00,5920.00,Up is Good,Books Borrowed,Haxby Explore
LIB02-H,Books Borrowed - Haxby Explore,Monthly,2020-03-31,23173.00,1925.0,1906.0,1999.0,5830.0,2478.0,2815.0,1652.0,6945.00,1978.00,2154.00,1418.00,5550.00,1567.00,1749.00,1532.00,4848.00,Up is Good,Books Borrowed,Haxby Explore
LIB02-H,Books Borrowed - Haxby Explore,Monthly,2021-03-31,4413.00,0.0,0.0,0.0,0.0,2.0,52.0,1265.0,1319.00,1535.00,529.00,782.00,2846.00,222.00,0.00,26.00,248.00,Up is Good,Books Borrowed,Haxby Explore
LIB02-H,Books Borrowed - Haxby Explore,Monthly,2022-03-31,18491.00,821.0,1437.0,1525.0,3783.0,1856.0,1865.0,1682.0,5403.00,1648.00,1453.00,1269.00,4370.00,1814.00,1445.00,1676.00,4935.00,Up is Good,Books Borrowed,Haxby Explore
LIB02-H,Books Borrowed - Haxby Explore,Monthly,2023-03-31,,1591.0,1589.0,264.0,3444.0,543.0,522.0,602.0,1667.00,567.00,549.00,447.00,1563.00,,,,,Up is Good,Books Borrowed,Haxby Explore
LIB02-I,Books Borrowed - Huntington Library,Monthly,2015-03-31,73316.00,5906.0,5611.0,5703.0,17220.0,7048.0,7546.0,6659.0,21253.00,6586.00,5904.00,4700.00,17190.00,6264.00,5405.00,5984.00,17653.00,Up is Good,Books Borrowed,Huntington Library
LIB02-I,Books Borrowed - Huntington Library,Monthly,2016-03-31,27774.00,2519.0,2480.0,2281.0,7280.0,2604.0,2684.0,2209.0,7497.00,2376.00,2265.00,1788.00,6429.00,2135.00,2123.00,2310.00,6568.00,Up is Good,Books Borrowed,Huntington Library
LIB02-I,Books Borrowed - Huntington Library,Monthly,2017-03-31,27320.00,2244.0,1957.0,2016.0,6217.0,2402.0,2554.0,2530.0,7486.00,2123.00,2247.00,1999.00,6369.00,2640.00,2174.00,2434.00,7248.00,Up is Good,Books Borrowed,Huntington Library
LIB02-I,Books Borrowed - Huntington Library,Monthly,2018-03-31,28018.00,2240.0,2301.0,2572.0,7113.0,2490.0,2634.0,2461.0,7585.00,2284.00,2365.00,1832.00,6481.00,2483.00,1945.00,2411.00,6839.00,Up is Good,Books Borrowed,Huntington Library
LIB02-I,Books Borrowed - Huntington Library,Monthly,2019-03-31,21792.00,1940.0,1853.0,1974.0,5767.0,2040.0,2166.0,1734.0,5940.00,1765.00,1674.00,1230.00,4669.00,1982.00,1566.00,1868.00,5416.00,Up is Good,Books Borrowed,Huntington Library
LIB02-I,Books Borrowed - Huntington Library,Monthly,2020-03-31,23497.00,1958.0,1949.0,1832.0,5739.0,2048.0,2276.0,1973.0,6297.00,2111.00,2150.00,1418.00,5679.00,2286.00,1939.00,1557.00,5782.00,Up is Good,Books Borrowed,Huntington Library
LIB02-I,Books Borrowed - Huntington Library,Monthly,2021-03-31,3989.00,0.0,0.0,0.0,0.0,0.0,11.0,956.0,967.00,1509.00,457.00,749.00,2715.00,306.00,0.00,1.00,307.00,Up is Good,Books Borrowed,Huntington Library
LIB02-I,Books Borrowed - Huntington Library,Monthly,2022-03-31,19559.00,960.0,1439.0,1567.0,3966.0,2013.0,1861.0,1574.0,5448.00,1790.00,1919.00,1432.00,5141.00,1776.00,1426.00,1802.00,5004.00,Up is Good,Books Borrowed,Huntington Library
LIB02-I,Books Borrowed - Huntington Library,Monthly,2023-03-31,,1617.0,1761.0,1434.0,4812.0,1869.0,2050.0,1878.0,5797.00,1777.00,1666.00,1180.00,4623.00,,,,,Up is Good,Books Borrowed,Huntington Library
LIB02-J,Books Borrowed - Mobile Library,Monthly,2015-03-31,21861.00,1953.0,1832.0,1522.0,5307.0,1984.0,1671.0,2037.0,5692.00,2081.00,1556.00,1698.00,5335.00,1873.00,1679.00,1975.00,5527.00,Up is Good,Books Borrowed,Mobile Library
LIB02-J,Books Borrowed - Mobile Library,Monthly,2016-03-31,20233.00,1676.0,1660.0,1784.0,5120.0,1724.0,1518.0,1670.0,4912.00,1568.00,1442.00,1811.00,4821.00,1714.00,1753.00,1913.00,5380.00,Up is Good,Books Borrowed,Mobile Library
LIB02-J,Books Borrowed - Mobile Library,Monthly,2017-03-31,17235.00,1665.0,1281.0,1694.0,4640.0,1580.0,1857.0,1551.0,4988.00,1751.00,850.00,1506.00,4107.00,997.00,1393.00,1110.00,3500.00,Up is Good,Books Borrowed,Mobile Library
LIB02-J,Books Borrowed - Mobile Library,Monthly,2018-03-31,18189.00,1035.0,1836.0,1795.0,4666.0,1379.0,1264.0,1614.0,4257.00,1615.00,1453.00,1419.00,4487.00,1774.00,1501.00,1504.00,4779.00,Up is Good,Books Borrowed,Mobile Library
LIB02-J,Books Borrowed - Mobile Library,Monthly,2019-03-31,16812.00,1446.0,1794.0,1607.0,4847.0,1077.0,1567.0,1501.0,4145.00,1464.00,1388.00,656.00,3508.00,1744.00,1403.00,1165.00,4312.00,Up is Good,Books Borrowed,Mobile Library
LIB02-J,Books Borrowed - Mobile Library,Monthly,2020-03-31,13554.00,1261.0,1485.0,1352.0,4098.0,1223.0,1326.0,1175.0,3724.00,1180.00,374.00,737.00,2291.00,1400.00,1059.00,982.00,3441.00,Up is Good,Books Borrowed,Mobile Library
LIB02-J,Books Borrowed - Mobile Library,Monthly,2021-03-31,5326.00,0.0,0.0,0.0,0.0,336.0,659.0,655.0,1650.00,902.00,701.00,385.00,1988.00,563.00,493.00,632.00,1688.00,Up is Good,Books Borrowed,Mobile Library
LIB02-J,Books Borrowed - Mobile Library,Monthly,2022-03-31,10732.00,709.0,936.0,958.0,2603.0,925.0,770.0,963.0,2658.00,927.00,970.00,493.00,2390.00,1088.00,903.00,1090.00,3081.00,Up is Good,Books Borrowed,Mobile Library
LIB02-J,Books Borrowed - Mobile Library,Monthly,2023-03-31,,984.0,1016.0,1004.0,3004.0,830.0,938.0,966.0,2734.00,768.00,931.00,633.00,2332.00,,,,,Up is Good,Books Borrowed,Mobile Library
LIB02-K,Books Borrowed - New Earswick Library,Monthly,2015-03-31,17448.00,1302.0,1566.0,1743.0,4611.0,1576.0,1615.0,1840.0,5031.00,1722.00,1355.00,900.00,3977.00,1280.00,1115.00,1434.00,3829.00,Up is Good,Books Borrowed,New Earswick Library
LIB02-K,Books Borrowed - New Earswick Library,Monthly,2016-03-31,14631.00,1141.0,1193.0,1211.0,3545.0,1214.0,1002.0,1195.0,3411.00,1389.00,1188.00,952.00,3529.00,1432.00,1268.00,1446.00,4146.00,Up is Good,Books Borrowed,New Earswick Library
LIB02-K,Books Borrowed - New Earswick Library,Monthly,2017-03-31,19951.00,1257.0,1474.0,1280.0,4011.0,1317.0,1932.0,1932.0,5181.00,1759.00,1949.00,1465.00,5173.00,1976.00,1663.00,1947.00,5586.00,Up is Good,Books Borrowed,New Earswick Library
LIB02-K,Books Borrowed - New Earswick Library,Monthly,2018-03-31,20322.00,1528.0,1830.0,1688.0,5046.0,1561.0,1721.0,1701.0,4983.00,1845.00,1812.00,1542.00,5199.00,1790.00,1575.00,1729.00,5094.00,Up is Good,Books Borrowed,New Earswick Library
LIB02-K,Books Borrowed - New Earswick Library,Monthly,2019-03-31,17982.00,1704.0,1109.0,1224.0,4037.0,1518.0,1666.0,1507.0,4691.00,1417.00,1684.00,1115.00,4216.00,1837.00,1410.00,1791.00,5038.00,Up is Good,Books Borrowed,New Earswick Library
LIB02-K,Books Borrowed - New Earswick Library,Monthly,2020-03-31,19537.00,1806.0,1670.0,1546.0,5022.0,1840.0,2016.0,1519.0,5375.00,1679.00,1619.00,1387.00,4685.00,1677.00,1648.00,1130.00,4455.00,Up is Good,Books Borrowed,New Earswick Library
LIB02-K,Books Borrowed - New Earswick Library,Monthly,2021-03-31,2911.00,0.0,0.0,0.0,0.0,6.0,343.0,608.0,957.00,1116.00,327.00,399.00,1842.00,112.00,0.00,0.00,112.00,Up is Good,Books Borrowed,New Earswick Library
LIB02-K,Books Borrowed - New Earswick Library,Monthly,2022-03-31,16282.00,587.0,1072.0,1300.0,2959.0,1420.0,1395.0,1333.0,4148.00,1386.00,1461.00,1315.00,4162.00,1711.00,1497.00,1805.00,5013.00,Up is Good,Books Borrowed,New Earswick Library
LIB02-K,Books Borrowed - New Earswick Library,Monthly,2023-03-31,,1832.0,1824.0,1891.0,5547.0,2156.0,2763.0,2654.0,7573.00,2561.00,2659.00,1983.00,7203.00,,,,,Up is Good,Books Borrowed,New Earswick Library
LIB02-L,Books Borrowed - Poppleton Library,Monthly,2015-03-31,31063.00,2388.0,2600.0,2353.0,7341.0,2559.0,3267.0,2536.0,8362.00,2877.00,2603.00,2026.00,7506.00,3229.00,2251.00,2374.00,7854.00,Up is Good,Books Borrowed,Poppleton Library
LIB02-L,Books Borrowed - Poppleton Library,Monthly,2016-03-31,25677.00,2307.0,2206.0,2051.0,6564.0,2342.0,2114.0,1968.0,6424.00,2039.00,2162.00,1751.00,5952.00,2117.00,2328.00,2292.00,6737.00,Up is Good,Books Borrowed,Poppleton Library
LIB02-L,Books Borrowed - Poppleton Library,Monthly,2017-03-31,28676.00,2414.0,2168.0,2357.0,6939.0,2650.0,2763.0,2350.0,7763.00,2395.00,2283.00,2119.00,6797.00,2485.00,2114.00,2578.00,7177.00,Up is Good,Books Borrowed,Poppleton Library
LIB02-L,Books Borrowed - Poppleton Library,Monthly,2018-03-31,27753.00,2274.0,2218.0,2166.0,6658.0,2657.0,2731.0,2551.0,7939.00,2370.00,2114.00,1714.00,6198.00,2552.00,2114.00,2292.00,6958.00,Up is Good,Books Borrowed,Poppleton Library
LIB02-L,Books Borrowed - Poppleton Library,Monthly,2019-03-31,25809.00,2186.0,2093.0,2068.0,6347.0,2251.0,2602.0,2261.0,7114.00,2166.00,2258.00,1444.00,5868.00,2307.00,1734.00,2439.00,6480.00,Up is Good,Books Borrowed,Poppleton Library
LIB02-L,Books Borrowed - Poppleton Library,Monthly,2020-03-31,23881.00,2138.0,2147.0,1799.0,6084.0,2093.0,2182.0,2172.0,6447.00,2021.00,2082.00,1435.00,5538.00,2184.00,1930.00,1698.00,5812.00,Up is Good,Books Borrowed,Poppleton Library
LIB02-L,Books Borrowed - Poppleton Library,Monthly,2021-03-31,4004.00,0.0,0.0,0.0,0.0,0.0,2.0,1086.0,1088.00,1546.00,509.00,667.00,2722.00,194.00,0.00,0.00,194.00,Up is Good,Books Borrowed,Poppleton Library
LIB02-L,Books Borrowed - Poppleton Library,Monthly,2022-03-31,21255.00,1023.0,1715.0,1712.0,4450.0,2061.0,2010.0,1979.0,6050.00,2093.00,1798.00,1510.00,5401.00,1969.00,1566.00,1819.00,5354.00,Up is Good,Books Borrowed,Poppleton Library
LIB02-L,Books Borrowed - Poppleton Library,Monthly,2023-03-31,,1604.0,1850.0,1802.0,5256.0,2229.0,2093.0,2136.0,6458.00,1975.00,2096.00,1659.00,5730.00,,,,,Up is Good,Books Borrowed,Poppleton Library
LIB02-M,Books Borrowed - Rowntree Park Reading Cafe,Monthly,2015-03-31,14118.00,1050.0,1025.0,1538.0,3613.0,1638.0,1878.0,1351.0,4867.00,1142.00,1015.00,774.00,2931.00,869.00,868.00,970.00,2707.00,Up is Good,Books Borrowed,Rowntree Park Reading Cafe
LIB02-M,Books Borrowed - Rowntree Park Reading Cafe,Monthly,2016-03-31,9926.00,871.0,865.0,752.0,2488.0,1065.0,1046.0,968.0,3079.00,890.00,660.00,474.00,2024.00,622.00,783.00,930.00,2335.00,Up is Good,Books Borrowed,Rowntree Park Reading Cafe
LIB02-M,Books Borrowed - Rowntree Park Reading Cafe,Monthly,2017-03-31,9935.00,838.0,808.0,765.0,2411.0,979.0,1110.0,977.0,3066.00,888.00,305.00,702.00,1895.00,803.00,890.00,870.00,2563.00,Up is Good,Books Borrowed,Rowntree Park Reading Cafe
LIB02-M,Books Borrowed - Rowntree Park Reading Cafe,Monthly,2018-03-31,9050.00,996.0,568.0,508.0,2072.0,580.0,470.0,657.0,1707.00,2041.00,583.00,576.00,3200.00,681.00,691.00,699.00,2071.00,Up is Good,Books Borrowed,Rowntree Park Reading Cafe
LIB02-M,Books Borrowed - Rowntree Park Reading Cafe,Monthly,2019-03-31,6571.00,579.0,605.0,647.0,1831.0,670.0,727.0,542.0,1939.00,533.00,530.00,328.00,1391.00,443.00,439.00,528.00,1410.00,Up is Good,Books Borrowed,Rowntree Park Reading Cafe
LIB02-M,Books Borrowed - Rowntree Park Reading Cafe,Monthly,2020-03-31,5133.00,538.0,589.0,383.0,1510.0,492.0,562.0,380.0,1434.00,393.00,406.00,328.00,1127.00,364.00,455.00,243.00,1062.00,Up is Good,Books Borrowed,Rowntree Park Reading Cafe
LIB02-M,Books Borrowed - Rowntree Park Reading Cafe,Monthly,2021-03-31,502.00,0.0,0.0,0.0,0.0,1.0,0.0,100.0,101.00,263.00,23.00,101.00,387.00,14.00,0.00,0.00,14.00,Up is Good,Books Borrowed,Rowntree Park Reading Cafe
LIB02-M,Books Borrowed - Rowntree Park Reading Cafe,Monthly,2022-03-31,3945.00,104.0,148.0,382.0,634.0,359.0,486.0,396.0,1241.00,397.00,375.00,339.00,1111.00,379.00,277.00,303.00,959.00,Up is Good,Books Borrowed,Rowntree Park Reading Cafe
LIB02-M,Books Borrowed - Rowntree Park Reading Cafe,Monthly,2023-03-31,,352.0,457.0,385.0,1194.0,488.0,517.0,469.0,1474.00,400.00,383.00,317.00,1100.00,,,,,Up is Good,Books Borrowed,Rowntree Park Reading Cafe
LIB02-N,Books Borrowed - Strensall Library,Monthly,2015-03-31,27860.00,1971.0,2118.0,2285.0,6374.0,2600.0,2391.0,2352.0,7343.00,2322.00,2122.00,1887.00,6331.00,2799.00,2539.00,2474.00,7812.00,Up is Good,Books Borrowed,Strensall Library
LIB02-N,Books Borrowed - Strensall Library,Monthly,2016-03-31,30131.00,2684.0,2655.0,2702.0,8041.0,2752.0,2852.0,2636.0,8240.00,3025.00,2692.00,1862.00,7579.00,2156.00,1810.00,2305.00,6271.00,Up is Good,Books Borrowed,Strensall Library
LIB02-N,Books Borrowed - Strensall Library,Monthly,2017-03-31,22468.00,2450.0,1838.0,1626.0,5914.0,1704.0,2206.0,1929.0,5839.00,2040.00,1920.00,1660.00,5620.00,1772.00,1571.00,1752.00,5095.00,Up is Good,Books Borrowed,Strensall Library
LIB02-N,Books Borrowed - Strensall Library,Monthly,2018-03-31,18666.00,1466.0,1420.0,1369.0,4255.0,1738.0,2058.0,1574.0,5370.00,1692.00,1383.00,1084.00,4159.00,1696.00,1639.00,1547.00,4882.00,Up is Good,Books Borrowed,Strensall Library
LIB02-N,Books Borrowed - Strensall Library,Monthly,2019-03-31,16959.00,1525.0,1465.0,1420.0,4410.0,1562.0,1613.0,1425.0,4600.00,1341.00,1466.00,950.00,3757.00,1451.00,1181.00,1560.00,4192.00,Up is Good,Books Borrowed,Strensall Library
LIB02-N,Books Borrowed - Strensall Library,Monthly,2020-03-31,17707.00,1514.0,1417.0,1302.0,4233.0,1655.0,1723.0,1530.0,4908.00,1461.00,1372.00,1060.00,3893.00,1705.00,1609.00,1359.00,4673.00,Up is Good,Books Borrowed,Strensall Library
LIB02-N,Books Borrowed - Strensall Library,Monthly,2021-03-31,3457.00,0.0,0.0,0.0,0.0,0.0,2.0,814.0,816.00,1392.00,393.00,751.00,2536.00,105.00,0.00,0.00,105.00,Up is Good,Books Borrowed,Strensall Library
LIB02-N,Books Borrowed - Strensall Library,Monthly,2022-03-31,14994.00,798.0,1284.0,1244.0,3326.0,1437.0,1396.0,1346.0,4179.00,1178.00,1302.00,942.00,3422.00,1344.00,1250.00,1473.00,4067.00,Up is Good,Books Borrowed,Strensall Library
LIB02-N,Books Borrowed - Strensall Library,Monthly,2023-03-31,,1292.0,1324.0,1264.0,3880.0,1243.0,1450.0,1440.0,4133.00,1444.00,1265.00,992.00,3701.00,,,,,Up is Good,Books Borrowed,Strensall Library
LIB02-O,Books Borrowed - Sycamore House Reading Library,Monthly,2015-03-31,7265.00,75.0,75.0,936.0,1086.0,1056.0,804.0,1115.0,2975.00,1071.00,737.00,580.00,2388.00,362.00,197.00,257.00,816.00,Up is Good,Books Borrowed,Sycamore House Reading Library
LIB02-O,Books Borrowed - Sycamore House Reading Library,Monthly,2016-03-31,2390.00,225.0,169.0,273.0,667.0,274.0,212.0,227.0,713.00,179.00,174.00,170.00,523.00,173.00,109.00,205.00,487.00,Up is Good,Books Borrowed,Sycamore House Reading Library
LIB02-O,Books Borrowed - Sycamore House Reading Library,Monthly,2017-03-31,1904.00,236.0,178.0,150.0,564.0,106.0,143.0,136.0,385.00,183.00,216.00,112.00,511.00,170.00,109.00,165.00,444.00,Up is Good,Books Borrowed,Sycamore House Reading Library
LIB02-O,Books Borrowed - Sycamore House Reading Library,Monthly,2018-03-31,928.00,89.0,42.0,23.0,154.0,44.0,61.0,100.0,205.00,90.00,167.00,72.00,329.00,122.00,62.00,56.00,240.00,Up is Good,Books Borrowed,Sycamore House Reading Library
LIB02-O,Books Borrowed - Sycamore House Reading Library,Monthly,2019-03-31,-1,49.0,63.0,24.0,136.0,31.0,8.0,0.0,39.00,-1,-1,-1,-1,-1,-1,-1,-1,Up is Good,Books Borrowed,Sycamore House Reading Library
LIB02-P,Books Borrowed - Burnholme/Tang Hall Explore,Monthly,2015-03-31,80133.00,5525.0,5866.0,7127.0,18518.0,8081.0,8406.0,7195.0,23682.00,7282.00,6434.00,5489.00,19205.00,6580.00,5757.00,6391.00,18728.00,Up is Good,Books Borrowed,Burnholme/Tang Hall Explore
LIB02-P,Books Borrowed - Burnholme/Tang Hall Explore,Monthly,2016-03-31,68742.00,5564.0,5778.0,5702.0,17044.0,7165.0,6346.0,6218.0,19729.00,5587.00,5265.00,4656.00,15508.00,5384.00,5447.00,5630.00,16461.00,Up is Good,Books Borrowed,Burnholme/Tang Hall Explore
LIB02-P,Books Borrowed - Burnholme/Tang Hall Explore,Monthly,2017-03-31,67996.00,5794.0,5402.0,5453.0,16649.0,6103.0,6821.0,5749.0,18673.00,5652.00,5611.00,5089.00,16352.00,5501.00,5335.00,5486.00,16322.00,Up is Good,Books Borrowed,Burnholme/Tang Hall Explore
LIB02-P,Books Borrowed - Burnholme/Tang Hall Explore,Monthly,2018-03-31,65816.00,5157.0,5235.0,5615.0,16007.0,6257.0,6169.0,5440.0,17866.00,5735.00,5073.00,5100.00,15908.00,5437.00,4748.00,5850.00,16035.00,Up is Good,Books Borrowed,Burnholme/Tang Hall Explore
LIB02-P,Books Borrowed - Burnholme/Tang Hall Explore,Monthly,2019-03-31,76886.00,5202.0,4556.0,4109.0,13867.0,7770.0,8705.0,6965.0,23440.00,7539.00,6923.00,5540.00,20002.00,6995.00,6064.00,6518.00,19577.00,Up is Good,Books Borrowed,Burnholme/Tang Hall Explore
LIB02-P,Books Borrowed - Burnholme/Tang Hall Explore,Monthly,2020-03-31,80594.00,7031.0,6699.0,6419.0,20149.0,7763.0,7792.0,7045.0,22600.00,6857.00,7125.00,5213.00,19195.00,6546.00,6777.00,5327.00,18650.00,Up is Good,Books Borrowed,Burnholme/Tang Hall Explore
LIB02-P,Books Borrowed - Burnholme/Tang Hall Explore,Monthly,2021-03-31,22289.00,0.0,0.0,0.0,0.0,1534.0,1713.0,3502.0,6749.00,5940.00,2270.00,2047.00,10257.00,2077.00,1746.00,1460.00,5283.00,Up is Good,Books Borrowed,Burnholme/Tang Hall Explore
LIB02-P,Books Borrowed - Burnholme/Tang Hall Explore,Monthly,2022-03-31,78401.00,4037.0,5763.0,6483.0,16283.0,7716.0,7708.0,6769.0,22193.00,7039.00,6989.00,5475.00,19503.00,6788.00,6420.00,7214.00,20422.00,Up is Good,Books Borrowed,Burnholme/Tang Hall Explore
LIB02-P,Books Borrowed - Burnholme/Tang Hall Explore,Monthly,2023-03-31,,6626.0,7203.0,6251.0,20080.0,7937.0,8070.0,6833.0,22840.00,7532.00,7374.00,5683.00,20589.00,,,,,Up is Good,Books Borrowed,Burnholme/Tang Hall Explore
LIB02-Q,Books Borrowed - York Explore,Monthly,2015-03-31,145019.00,27842.0,26741.0,5468.0,60051.0,4549.0,4003.0,3727.0,12279.00,3046.00,3138.00,3216.00,9400.00,20852.00,20591.00,21846.00,63289.00,Up is Good,Books Borrowed,York Explore
LIB02-Q,Books Borrowed - York Explore,Monthly,2016-03-31,252971.00,20080.0,21496.0,19883.0,61459.0,23115.0,22830.0,21064.0,67009.00,21863.00,20136.00,17549.00,59548.00,21272.00,21402.00,22281.00,64955.00,Up is Good,Books Borrowed,York Explore
LIB02-Q,Books Borrowed - York Explore,Monthly,2017-03-31,261080.00,22217.0,21407.0,21341.0,64965.0,22889.0,24929.0,21115.0,68933.00,22733.00,20329.00,17438.00,60500.00,22723.00,20636.00,23323.00,66682.00,Up is Good,Books Borrowed,York Explore
LIB02-Q,Books Borrowed - York Explore,Monthly,2018-03-31,269726.00,22084.0,22609.0,21173.0,65866.0,24009.0,26180.0,23268.0,73457.00,23137.00,21446.00,18724.00,63307.00,22965.00,21032.00,23099.00,67096.00,Up is Good,Books Borrowed,York Explore
LIB02-Q,Books Borrowed - York Explore,Monthly,2019-03-31,263082.00,22932.0,22043.0,21704.0,66679.0,23224.0,24532.0,22043.0,69799.00,23337.00,21230.00,17399.00,61966.00,23319.00,20260.00,21059.00,64638.00,Up is Good,Books Borrowed,York Explore
LIB02-Q,Books Borrowed - York Explore,Monthly,2020-03-31,240857.00,20382.0,20447.0,19519.0,60348.0,22119.0,23351.0,19996.0,65466.00,21757.00,19734.00,17965.00,59456.00,21238.00,20145.00,14204.00,55587.00,Up is Good,Books Borrowed,York Explore
LIB02-Q,Books Borrowed - York Explore,Monthly,2021-03-31,37886.00,0.0,0.0,0.0,0.0,1829.0,1666.0,7740.0,11235.00,12341.00,4107.00,4080.00,20528.00,2661.00,1639.00,1823.00,6123.00,Up is Good,Books Borrowed,York Explore
LIB02-Q,Books Borrowed - York Explore,Monthly,2022-03-31,176044.00,7839.0,12775.0,13624.0,34238.0,14489.0,17089.0,15544.0,47122.00,17192.00,15583.00,12435.00,45210.00,17191.00,14954.00,17329.00,49474.00,Up is Good,Books Borrowed,York Explore
LIB02-Q,Books Borrowed - York Explore,Monthly,2023-03-31,,16179.0,17348.0,16521.0,50048.0,17774.0,20339.0,17566.0,55679.00,18422.00,16798.00,14178.00,49398.00,,,,,Up is Good,Books Borrowed,York Explore
LIB02-R,Books Borrowed - E-Library,Monthly,2015-03-31,14425.00,814.0,837.0,1515.0,3166.0,1163.0,1317.0,1218.0,3698.00,1261.00,1212.00,1080.00,3553.00,1231.00,1340.00,1437.00,4008.00,Up is Good,Books Borrowed,E-Library
LIB02-R,Books Borrowed - E-Library,Monthly,2016-03-31,20256.00,1245.0,1439.0,1345.0,4029.0,1665.0,1730.0,1626.0,5021.00,1572.00,1407.00,1802.00,4781.00,2160.00,2014.00,2251.00,6425.00,Up is Good,Books Borrowed,E-Library
LIB02-R,Books Borrowed - E-Library,Monthly,2017-03-31,27429.00,2094.0,2117.0,1874.0,6085.0,2351.0,2464.0,2176.0,6991.00,2357.00,2266.00,2285.00,6908.00,2440.00,2503.00,2502.00,7445.00,Up is Good,Books Borrowed,E-Library
LIB02-R,Books Borrowed - E-Library,Monthly,2018-03-31,31864.00,2637.0,2518.0,2300.0,7455.0,2578.0,2909.0,2466.0,7953.00,2534.00,2457.00,2602.00,7593.00,2838.00,2938.00,3087.00,8863.00,Up is Good,Books Borrowed,E-Library
LIB02-R,Books Borrowed - E-Library,Monthly,2019-03-31,36626.00,2871.0,2745.0,2901.0,8517.0,3078.0,3491.0,2948.0,9517.00,3152.00,2986.00,3062.00,9200.00,3236.00,2952.00,3204.00,9392.00,Up is Good,Books Borrowed,E-Library
LIB02-R,Books Borrowed - E-Library,Monthly,2020-03-31,45147.00,3418.0,3278.0,3254.0,9950.0,3616.0,3839.0,3567.0,11022.00,3834.00,3641.00,3624.00,11099.00,4148.00,3959.00,4969.00,13076.00,Up is Good,Books Borrowed,E-Library
LIB02-R,Books Borrowed - E-Library,Monthly,2021-03-31,363844.00,23358.0,29903.0,25641.0,78902.0,22945.0,27704.0,30515.0,81164.00,32221.00,32495.00,29702.00,94418.00,36732.00,34980.00,37648.00,109360.00,Up is Good,Books Borrowed,E-Library
LIB02-R,Books Borrowed - E-Library,Monthly,2022-03-31,364517.00,34794.0,32890.0,28290.0,95974.0,29328.0,30401.0,28871.0,88600.00,31284.00,30001.00,29516.00,90801.00,29564.00,29209.00,30369.00,89142.00,Up is Good,Books Borrowed,E-Library
LIB02-R,Books Borrowed - E-Library,Monthly,2023-03-31,,31599.0,31597.0,30373.0,93569.0,34660.0,33576.0,31210.0,99446.00,36084.00,33650.00,32725.00,102459.00,,,,,Up is Good,Books Borrowed,E-Library
LIB02-S,Books Borrowed - Homestead Park,Monthly,2017-03-31,392.00,,,,,111.0,104.0,44.0,259.00,43.00,75.00,15.00,133.00,0.00,0.00,0.00,0.00,Up is Good,Books Borrowed,Homestead Park
LIB02-S,Books Borrowed - Homestead Park,Monthly,2018-03-31,26.00,2.0,9.0,4.0,15.0,1.0,1.0,9.0,11.00,0.00,0.00,0.00,0.00,0.00,0.00,0.00,0.00,Up is Good,Books Borrowed,Homestead Park
LIB02-S,Books Borrowed - Homestead Park,Monthly,2019-03-31,0.00,0.0,0.0,0.0,0.0,0.0,0.0,0.0,0.00,0.00,0.00,0.00,0.00,0.00,0.00,0.00,0.00,Up is Good,Books Borrowed,Homestead Park
LIB02-S,Books Borrowed - Homestead Park,Monthly,2020-03-31,68.00,13.0,19.0,4.0,36.0,12.0,18.0,2.0,32.00,0.00,0.00,0.00,0.00,0.00,0.00,0.00,0.00,Up is Good,Books Borrowed,Homestead Park
LIB02-S,Books Borrowed - Homestead Park,Monthly,2021-03-31,,,,,,,,,,,,,,,,,,Up is Good,Books Borrowed,Homestead Park
LIB02-S,Books Borrowed - Homestead Park,Monthly,2022-03-31,0.00,0.0,0.0,0.0,0.0,0.0,0.0,0.0,0.00,0.00,0.00,0.00,0.00,0.00,0.00,0.00,0.00,Up is Good,Books Borrowed,Homestead Park
LIB02-S,Books Borrowed - Homestead Park,Monthly,2023-03-31,,0.0,0.0,0.0,0.0,0.0,0.0,0.0,0.00,0.00,0.00,0.00,0.00,,,,,Up is Good,Books Borrowed,Homestead Park
TAP13a,"% of Talkabout panel who give unpaid help to any group, club or organisation",Quarterly,2013-03-31,45.00,,,,,,,,,,,,,,,,,Up is Good,"% of Talkabout panel who give unpaid help to any group, club or organisation",No Name
TAP13a,"% of Talkabout panel who give unpaid help to any group, club or organisation",Quarterly,2014-03-31,55.00,,,,,,,,,,,,,,,,,Up is Good,"% of Talkabout panel who give unpaid help to any group, club or organisation",No Name
TAP13a,"% of Talkabout panel who give unpaid help to any group, club or organisation",Quarterly,2015-03-31,-1,,,,,,,,,,,,,,,,,Up is Good,"% of Talkabout panel who give unpaid help to any group, club or organisation",No Name
TAP13a,"% of Talkabout panel who give unpaid help to any group, club or organisation",Quarterly,2016-03-31,-1,,,,,,,,,,,,,,,,,Up is Good,"% of Talkabout panel who give unpaid help to any group, club or organisation",No Name
TAP13a,"% of Talkabout panel who give unpaid help to any group, club or organisation",Quarterly,2017-03-31,64.30,,,,64.8,,,,-1,,,,64.30,,,,-1,Up is Good,"% of Talkabout panel who give unpaid help to any group, club or organisation",No Name
TAP13a,"% of Talkabout panel who give unpaid help to any group, club or organisation",Quarterly,2018-03-31,66.22,,,,66.44,,,,-1,,,,66.22,,,,-1,Up is Good,"% of Talkabout panel who give unpaid help to any group, club or organisation",No Name
TAP13a,"% of Talkabout panel who give unpaid help to any group, club or organisation",Quarterly,2019-03-31,64.72,,,,67.83,,,,-1,,,,64.72,,,,-1,Up is Good,"% of Talkabout panel who give unpaid help to any group, club or organisation",No Name
TAP13a,"% of Talkabout panel who give unpaid help to any group, club or organisation",Quarterly,2020-03-31,67.17,,,,64.98,,,,-1,,,,67.17,,,,-1,Up is Good,"% of Talkabout panel who give unpaid help to any group, club or organisation",No Name
TAP13a,"% of Talkabout panel who give unpaid help to any group, club or organisation",Quarterly,2021-03-31,71.22,,,,72.27,,,,71.22,,,,-1,,,,-1,Up is Good,"% of Talkabout panel who give unpaid help to any group, club or organisation",No Name
TAP13a,"% of Talkabout panel who give unpaid help to any group, club or organisation",Quarterly,2022-03-31,61.35,,,,56.0,,,,-1,,,,61.35,,,,-1,Up is Good,"% of Talkabout panel who give unpaid help to any group, club or organisation",No Name
TAP13a,"% of Talkabout panel who give unpaid help to any group, club or organisation",Quarterly,2023-03-31,,,,,65.38,,,,,,,,60.64,,,,,Up is Good,"% of Talkabout panel who give unpaid help to any group, club or organisation",No Name
TAP13b,"% of Talkabout panel who do not give unpaid help to any group, club or organisation",Quarterly,2013-03-31,54.00,,,,,,,,,,,,,,,,,Up is Bad,"% of Talkabout panel who do not give unpaid help to any group, club or organisation",No Name
TAP13b,"% of Talkabout panel who do not give unpaid help to any group, club or organisation",Quarterly,2014-03-31,45.00,,,,,,,,,,,,,,,,,Up is Bad,"% of Talkabout panel who do not give unpaid help to any group, club or organisation",No Name
TAP13b,"% of Talkabout panel who do not give unpaid help to any group, club or organisation",Quarterly,2015-03-31,-1,,,,,,,,,,,,,,,,,Up is Bad,"% of Talkabout panel who do not give unpaid help to any group, club or organisation",No Name
TAP13b,"% of Talkabout panel who do not give unpaid help to any group, club or organisation",Quarterly,2016-03-31,-1,,,,,,,,,,,,,,,,,Up is Bad,"% of Talkabout panel who do not give unpaid help to any group, club or organisation",No Name
TAP13b,"% of Talkabout panel who do not give unpaid help to any group, club or organisation",Quarterly,2017-03-31,32.66,,,,32.5,,,,-1,,,,32.66,,,,-1,Up is Bad,"% of Talkabout panel who do not give unpaid help to any group, club or organisation",No Name
TAP13b,"% of Talkabout panel who do not give unpaid help to any group, club or organisation",Quarterly,2018-03-31,31.32,,,,30.65,,,,-1,,,,31.32,,,,-1,Up is Bad,"% of Talkabout panel who do not give unpaid help to any group, club or organisation",No Name
TAP13b,"% of Talkabout panel who do not give unpaid help to any group, club or organisation",Quarterly,2019-03-31,30.79,,,,30.0,,,,-1,,,,30.79,,,,-1,Up is Bad,"% of Talkabout panel who do not give unpaid help to any group, club or organisation",No Name
TAP13b,"% of Talkabout panel who do not give unpaid help to any group, club or organisation",Quarterly,2020-03-31,30.58,,,,31.86,,,,-1,,,,30.58,,,,-1,Up is Bad,"% of Talkabout panel who do not give unpaid help to any group, club or organisation",No Name
TAP13b,"% of Talkabout panel who do not give unpaid help to any group, club or organisation",Quarterly,2021-03-31,24.81,,,,24.79,,,,24.81,,,,-1,,,,-1,Up is Bad,"% of Talkabout panel who do not give unpaid help to any group, club or organisation",No Name
TAP13b,"% of Talkabout panel who do not give unpaid help to any group, club or organisation",Quarterly,2022-03-31,36.25,,,,41.0,,,,-1,,,,36.25,,,,-1,Up is Bad,"% of Talkabout panel who do not give unpaid help to any group, club or organisation",No Name
TAP13b,"% of Talkabout panel who do not give unpaid help to any group, club or organisation",Quarterly,2023-03-31,,,,,33.46,,,,,,,,36.17,,,,,Up is Bad,"% of Talkabout panel who do not give unpaid help to any group, club or organisation",No Name
TAP31a,% of panel who think that the council and partners are doing well conserving York's heritage,Quarterly,2013-03-31,81.00,,,,,,,,,,,,,,,,,Up is Good,% of panel who think that the council and partners are doing well conserving York's heritage,No Name
TAP31a,% of panel who think that the council and partners are doing well conserving York's heritage,Quarterly,2014-03-31,70.00,,,,,,,,,,,,,,,,,Up is Good,% of panel who think that the council and partners are doing well conserving York's heritage,No Name
TAP31a,% of panel who think that the council and partners are doing well conserving York's heritage,Quarterly,2015-03-31,-1,,,,,,,,,,,,,,,,,Up is Good,% of panel who think that the council and partners are doing well conserving York's heritage,No Name
TAP31a,% of panel who think that the council and partners are doing well conserving York's heritage,Quarterly,2016-03-31,-1,,,,,,,,,,,,,,,,,Up is Good,% of panel who think that the council and partners are doing well conserving York's heritage,No Name
TAP31a,% of panel who think that the council and partners are doing well conserving York's heritage,Quarterly,2017-03-31,76.41,,,,77.4,,,,-1,,,,76.41,,,,-1,Up is Good,% of panel who think that the council and partners are doing well conserving York's heritage,No Name
TAP31a,% of panel who think that the council and partners are doing well conserving York's heritage,Quarterly,2018-03-31,69.48,,,,76.4,,,,-1,,,,69.48,,,,-1,Up is Good,% of panel who think that the council and partners are doing well conserving York's heritage,No Name
TAP31a,% of panel who think that the council and partners are doing well conserving York's heritage,Quarterly,2019-03-31,76.67,,,,74.84,,,,-1,,,,76.67,,,,-1,Up is Good,% of panel who think that the council and partners are doing well conserving York's heritage,No Name
TAP31a,% of panel who think that the council and partners are doing well conserving York's heritage,Quarterly,2020-03-31,74.75,,,,74.58,,,,-1,,,,74.75,,,,-1,Up is Good,% of panel who think that the council and partners are doing well conserving York's heritage,No Name
TAP31a,% of panel who think that the council and partners are doing well conserving York's heritage,Quarterly,2021-03-31,62.78,,,,69.78,,,,62.78,,,,-1,,,,-1,Up is Good,% of panel who think that the council and partners are doing well conserving York's heritage,No Name
TAP31a,% of panel who think that the council and partners are doing well conserving York's heritage,Quarterly,2022-03-31,70.28,,,,76.0,,,,-1,,,,70.28,,,,-1,Up is Good,% of panel who think that the council and partners are doing well conserving York's heritage,No Name
TAP31a,% of panel who think that the council and partners are doing well conserving York's heritage,Quarterly,2023-03-31,,,,,71.67,,,,,,,,70.32,,,,,Up is Good,% of panel who think that the council and partners are doing well conserving York's heritage,No Name
TAP31b,% of panel who think that the council and partners are not doing well conserving York's heritage,Quarterly,2013-03-31,7.00,,,,,,,,,,,,,,,,,Up is Bad,% of panel who think that the council and partners are not doing well conserving York's heritage,No Name
TAP31b,% of panel who think that the council and partners are not doing well conserving York's heritage,Quarterly,2014-03-31,16.00,,,,,,,,,,,,,,,,,Up is Bad,% of panel who think that the council and partners are not doing well conserving York's heritage,No Name
TAP31b,% of panel who think that the council and partners are not doing well conserving York's heritage,Quarterly,2015-03-31,-1,,,,,,,,,,,,,,,,,Up is Bad,% of panel who think that the council and partners are not doing well conserving York's heritage,No Name
TAP31b,% of panel who think that the council and partners are not doing well conserving York's heritage,Quarterly,2016-03-31,-1,,,,,,,,,,,,,,,,,Up is Bad,% of panel who think that the council and partners are not doing well conserving York's heritage,No Name
TAP31b,% of panel who think that the council and partners are not doing well conserving York's heritage,Quarterly,2017-03-31,15.32,,,,14.0,,,,-1,,,,15.32,,,,-1,Up is Bad,% of panel who think that the council and partners are not doing well conserving York's heritage,No Name
TAP31b,% of panel who think that the council and partners are not doing well conserving York's heritage,Quarterly,2018-03-31,21.00,,,,15.96,,,,-1,,,,21.00,,,,-1,Up is Bad,% of panel who think that the council and partners are not doing well conserving York's heritage,No Name
TAP31b,% of panel who think that the council and partners are not doing well conserving York's heritage,Quarterly,2019-03-31,16.44,,,,17.55,,,,-1,,,,16.44,,,,-1,Up is Bad,% of panel who think that the council and partners are not doing well conserving York's heritage,No Name
TAP31b,% of panel who think that the council and partners are not doing well conserving York's heritage,Quarterly,2020-03-31,17.75,,,,17.44,,,,-1,,,,17.75,,,,-1,Up is Bad,% of panel who think that the council and partners are not doing well conserving York's heritage,No Name
TAP31b,% of panel who think that the council and partners are not doing well conserving York's heritage,Quarterly,2021-03-31,17.62,,,,13.64,,,,17.62,,,,-1,,,,-1,Up is Bad,% of panel who think that the council and partners are not doing well conserving York's heritage,No Name
TAP31b,% of panel who think that the council and partners are not doing well conserving York's heritage,Quarterly,2022-03-31,20.68,,,,16.0,,,,-1,,,,20.68,,,,-1,Up is Bad,% of panel who think that the council and partners are not doing well conserving York's heritage,No Name
TAP31b,% of panel who think that the council and partners are not doing well conserving York's heritage,Quarterly,2023-03-31,,,,,18.54,,,,,,,,18.18,,,,,Up is Bad,% of panel who think that the council and partners are not doing well conserving York's heritage,No Name
